Date,AAPL,GLD,GOOG,IWM,MSFT,SPY,TLT,VNQ
2018-01-02,40.30417251586914,125.1500015258789,52.816375732421875,138.88438415527344,78.870361328125,236.5621337890625,99.45979309082031,60.17097854614258
2018-01-03,40.297157287597656,124.81999969482422,53.68326187133789,139.02880859375,79.23741912841797,238.05845642089844,99.93537139892578,59.99631118774414
2018-01-04,40.48432922363281,125.45999908447266,53.877662658691406,139.39878845214844,79.93479919433594,239.06179809570312,99.9195327758789,58.962764739990234
2018-01-05,40.94526290893555,125.33000183105469,54.6627197265625,139.68760681152344,80.92584991455078,240.65487670898438,99.6341781616211,58.99188232421875
2018-01-08,40.79317855834961,125.30999755859375,54.89630889892578,139.9041290283203,81.0084228515625,241.09500122070312,99.5707778930664,59.29758071899414
2018-01-09,40.78850173950195,124.7300033569336,54.862579345703125,139.71463012695312,80.95339965820312,241.64073181152344,98.23926544189453,58.533348083496094
2018-01-10,40.77914810180664,125.02999877929688,54.68156814575195,139.732666015625,80.58635711669922,241.2711181640625,98.12036895751953,57.87826156616211
2018-01-11,41.01077651977539,125.44000244140625,54.82588577270508,142.1331329345703,80.82490539550781,243.03140258789062,98.52462768554688,57.68174362182617
2018-01-12,41.434261322021484,126.95999908447266,55.65606689453125,142.72877502441406,82.21971130371094,244.61572265625,98.69107055664062,57.2159309387207
2018-01-16,41.223697662353516,127.16999816894531,55.63126754760742,140.90582275390625,81.07266235351562,243.77957153320312,99.1031494140625,57.32511520385742
2018-01-17,41.90456008911133,126.13999938964844,56.13810729980469,142.24147033691406,82.7152328491211,246.1031494140625,98.96842956542969,57.72543716430664
2018-01-18,41.94198989868164,125.86000061035156,56.02949905395508,141.26681518554688,82.67852020263672,245.689453125,98.04905700683594,56.98301696777344
2018-01-19,41.75481033325195,126.41999816894531,56.412357330322266,143.12588500976562,82.58676147460938,246.80726623535156,97.53385162353516,57.28871536254883
2018-01-22,41.413211822509766,126.6500015258789,57.319908142089844,143.89292907714844,84.06414794921875,248.8140869140625,97.62899017333984,57.812767028808594
2018-01-23,41.42256546020508,127.27999877929688,58.02214050292969,144.35311889648438,84.33026123046875,249.34219360351562,98.04905700683594,58.61338806152344
2018-01-24,40.76276779174805,128.8300018310547,57.737979888916016,143.4597625732422,84.25685119628906,249.24533081054688,97.51802825927734,58.307708740234375
2018-01-25,40.03511047363281,127.97000122070312,58.0419807434082,143.5138702392578,84.7248306274414,249.35096740722656,98.31855773925781,58.205814361572266
2018-01-26,40.128692626953125,128.07000732421875,58.31325149536133,144.02828979492188,86.31236267089844,252.23800659179688,97.95389556884766,58.00202178955078
2018-01-29,39.298095703125,127.3499984741211,58.30036163330078,143.216064453125,86.18390655517578,250.56565856933594,97.27235412597656,57.223209381103516
2018-01-30,39.06645965576172,126.80000305175781,57.7107048034668,141.8443603515625,85.10107421875,247.99559020996094,96.70166778564453,56.80832290649414
2018-01-31,39.17409133911133,127.6500015258789,58.02065658569336,141.10440063476562,87.18412017822266,248.11874389648438,97.27235412597656,57.827327728271484
2018-02-01,39.2559700012207,128.07000732421875,57.909568786621094,141.54656982421875,86.49586486816406,247.83697509765625,95.86258697509766,56.58271026611328
2018-02-02,37.55266189575195,126.38999938964844,55.14228057861328,138.82127380371094,84.22013854980469,242.4417266845703,94.97307586669922,56.10232925415039
2018-02-05,36.61442184448242,126.70999908447266,52.36013412475586,133.4878387451172,80.75150299072266,232.30209350585938,95.87054443359375,54.43556594848633
2018-02-06,38.14461135864258,125.37999725341797,53.590030670166016,135.0851593017578,83.8072280883789,236.87899780273438,95.27484893798828,54.44285202026367
2018-02-07,37.32804489135742,124.79000091552734,52.0020751953125,135.22052001953125,82.22891235351562,235.5940399169922,94.36943817138672,54.209922790527344
2018-02-08,36.30089569091797,124.9800033569336,49.66822814941406,131.24986267089844,78.00776672363281,226.75714111328125,94.26622009277344,52.65233612060547
2018-02-09,36.744911193847656,124.7699966430664,51.46646499633789,132.4501190185547,80.91667938232422,230.1633758544922,93.6705322265625,53.96975326538086
2018-02-12,38.22495651245117,125.37000274658203,52.168697357177734,133.70445251464844,81.78841400146484,233.54319763183594,94.08354949951172,53.991573333740234
2018-02-13,38.60787582397461,126.08000183105469,52.1766357421875,133.9932098388672,82.43075561523438,234.12411499023438,94.50446319580078,54.370059967041016
2018-02-14,39.319705963134766,128.22999572753906,53.04946517944336,136.40269470214844,83.7214584350586,237.28387451171875,93.4560775756836,53.97702407836914
2018-02-15,40.639991760253906,128.3800048828125,54.032405853271484,137.89175415039062,85.42709350585938,240.31166076660156,93.77376556396484,54.50106430053711
2018-02-16,40.50843048095703,127.95999908447266,54.29425048828125,138.37904357910156,84.818603515625,240.38206481933594,94.28205871582031,54.799495697021484
2018-02-20,40.3721923828125,126.23999786376953,54.67413330078125,137.2419891357422,85.48239135742188,238.876953125,93.86907958984375,54.151702880859375
2018-02-21,40.188934326171875,125.66000366210938,55.114524841308594,137.3863525390625,84.34840393066406,237.68875122070312,92.71749877929688,53.08177185058594
2018-02-22,40.52488327026367,126.30000305175781,54.88092803955078,137.16978454589844,84.5696792602539,237.99679565429688,92.99545288085938,53.68585968017578
2018-02-23,41.22966384887695,126.13999938964844,55.8807258605957,138.95657348632812,86.7177963256836,241.79037475585938,93.8214340209961,54.54473876953125
2018-02-26,42.04486083984375,126.44999694824219,56.7218132019043,139.86807250976562,87.97162628173828,244.5980987548828,93.85322570800781,54.69757843017578
2018-02-27,41.90860366821289,125.12999725341797,55.459190368652344,137.85562133789062,86.84687805175781,241.5438995361328,93.71819305419922,53.42386245727539
2018-02-28,41.845176696777344,125.0,54.78670120239258,135.68075561523438,86.45045471191406,239.09703063964844,94.31385803222656,53.38747024536133
2018-03-01,41.11220169067383,124.72000122070312,53.04054260253906,135.3197784423828,85.60224151611328,235.62039184570312,94.9576644897461,53.43841552734375
2018-03-02,41.39646530151367,125.38999938964844,53.5067138671875,137.48561096191406,85.7866439819336,236.83502197265625,94.18571472167969,53.416595458984375
2018-03-05,41.53977584838867,125.18000030517578,54.102333068847656,138.71295166015625,86.3305892944336,239.5723419189453,93.9310531616211,54.020687103271484
2018-03-06,41.50453567504883,126.52999877929688,54.30714416503906,140.2109832763672,86.0355453491211,240.17965698242188,94.01859283447266,54.27544021606445
2018-03-07,41.1192512512207,125.72000122070312,55.03020477294922,141.44732666015625,86.53340148925781,240.09165954589844,93.9151840209961,54.61023712158203
2018-03-08,41.567955017089844,125.41999816894531,55.84153747558594,141.15855407714844,87.05889129638672,241.2534942626953,94.456298828125,54.712135314941406
2018-03-09,42.282135009765625,125.54000091552734,57.529685974121094,143.4145965576172,89.00421905517578,245.45188903808594,93.83558654785156,55.01055908203125
2018-03-12,42.690914154052734,125.54000091552734,57.75086975097656,143.66726684570312,89.21626281738281,245.143798828125,94.37672424316406,55.25075149536133
2018-03-13,42.279788970947266,125.77999877929688,56.44509506225586,142.99949645996094,87.04046630859375,243.5595245361328,94.85420227050781,55.301692962646484
2018-03-14,41.92034912109375,125.69999694824219,57.00647735595703,142.32269287109375,86.52420806884766,242.30963134765625,95.68982696533203,55.35265350341797
2018-03-15,41.96968460083008,124.9000015258789,57.01094436645508,141.60977172851562,86.82843017578125,242.0455780029297,95.68982696533203,55.33810043334961
2018-03-16,41.821685791015625,124.5999984741211,56.32408142089844,142.4038848876953,87.21565246582031,242.3080596923828,95.34761047363281,55.723854064941406
2018-03-19,41.182682037353516,124.87000274658203,54.54319763183594,141.0321502685547,85.63911437988281,239.0294952392578,95.04520416259766,55.24346923828125
2018-03-20,41.16859817504883,124.30999755859375,54.43856430053711,140.99606323242188,85.86040496826172,239.43605041503906,94.66322326660156,55.05424118041992
2018-03-21,40.235931396484375,126.4800033569336,54.09983825683594,141.8173065185547,85.26112365722656,238.97654724121094,94.76663208007812,54.64664077758789
2018-03-22,39.66740036010742,125.9800033569336,52.026859283447266,138.70761108398438,82.78107452392578,233.00282287597656,95.70574951171875,54.32638931274414
2018-03-23,38.74884033203125,127.61000061035156,50.662559509277344,135.72267150878906,80.3748550415039,228.03646850585938,95.63414001464844,53.35835647583008
2018-03-26,40.58831787109375,128.27999877929688,52.23168182373047,138.6894989013672,86.45966339111328,234.2753143310547,95.26805114746094,53.96538162231445
2018-03-27,39.547584533691406,127.48999786376953,49.84577178955078,136.0030975341797,82.48609161376953,230.2899169921875,96.28666687011719,54.17117691040039
2018-03-28,39.110626220703125,125.7300033569336,49.81898498535156,135.95785522460938,82.41233825683594,229.60939025878906,96.54137420654297,55.530792236328125
2018-03-29,39.4160270690918,125.79000091552734,51.16940689086914,137.33270263671875,84.14557647705078,232.54324340820312,97.01093292236328,55.464637756347656
2018-04-02,39.15761184692383,127.26000213623047,49.91371154785156,133.98597717285156,81.6102294921875,227.5238800048828,97.20230865478516,54.715030670166016
2018-04-03,39.559329986572266,126.30000305175781,50.25788497924805,135.90357971191406,82.70736694335938,230.44012451171875,96.45265197753906,55.178016662597656
2018-04-04,40.315799713134766,126.44999694824219,50.83960723876953,137.6311798095703,85.12284088134766,232.9055633544922,96.25321197509766,55.75861740112305
2018-04-05,40.59536361694336,125.80000305175781,50.97202682495117,138.77090454101562,85.16893005371094,234.74371337890625,95.53549194335938,55.73655700683594
2018-04-06,39.55698013305664,126.38999938964844,49.941978454589844,136.0030975341797,83.18677520751953,229.51219177246094,96.58023834228516,55.317657470703125
2018-04-09,39.94930648803711,126.81999969482422,50.35905456542969,136.16587829589844,83.68460845947266,230.64332580566406,96.73979187011719,55.141273498535156
2018-04-10,40.701080322265625,127.12000274658203,51.161964416503906,138.73475646972656,85.62989807128906,234.3106689453125,96.56427001953125,55.082496643066406
2018-04-11,40.51078796386719,128.11000061035156,50.583213806152344,139.03323364257812,84.68954467773438,233.08233642578125,96.90719604492188,55.2000732421875
2018-04-12,40.91017150878906,126.62000274658203,51.205108642578125,139.9829559326172,86.27525329589844,234.99993896484375,96.19747924804688,54.58272933959961
2018-04-13,41.048763275146484,127.44999694824219,51.04442596435547,139.2502899169922,85.81430053710938,234.3106689453125,96.4207534790039,54.869354248046875
2018-04-16,41.304847717285156,127.62999725341797,51.47637939453125,140.5347137451172,86.81920623779297,236.23707580566406,96.45265197753906,55.207420349121094
2018-04-17,41.87336349487305,127.75,53.270652770996094,142.06333923339844,88.5708999633789,238.76454162597656,96.7158203125,55.85416030883789
2018-04-18,41.779388427734375,127.8499984741211,53.16749572753906,142.44322204589844,88.9120101928711,238.94117736816406,95.94220733642578,55.73655700683594
2018-04-19,40.59536361694336,127.5999984741211,53.942134857177734,141.45730590820312,88.60775756835938,237.6156768798828,95.16067504882812,54.92815017700195
2018-04-20,38.93207931518555,126.62999725341797,53.21113586425781,140.6975555419922,87.58441925048828,235.600830078125,94.47476959228516,54.421043395996094
2018-04-23,38.8193244934082,125.62000274658203,52.93788146972656,140.48948669433594,87.9071273803711,235.5655059814453,94.49869537353516,54.37696075439453
2018-04-24,38.27898025512695,126.2300033569336,50.58371353149414,139.6844482421875,85.8511734008789,232.39308166503906,94.06800842285156,54.58272933959961
2018-04-25,38.44578552246094,125.41000366210938,50.643218994140625,139.47640991210938,85.10440826416016,232.96742248535156,93.43798065185547,54.47984313964844
2018-04-26,38.579689025878906,124.97000122070312,51.57854461669922,140.11866760253906,86.90219116210938,235.3357391357422,94.09197235107422,55.192726135253906
2018-04-27,38.13332748413086,125.5,51.08311080932617,139.9196319580078,88.34042358398438,235.5566864013672,94.81770324707031,56.140769958496094
2018-04-30,38.82400894165039,124.58999633789062,50.45228958129883,138.6804656982422,86.21996307373047,233.74513244628906,94.98516845703125,55.920291900634766
2018-05-01,39.72612762451172,123.70999908447266,51.44316101074219,139.3588409423828,87.58441925048828,234.1604461669922,94.64305877685547,56.427398681640625
2018-05-02,41.48103713989258,123.6500015258789,50.801918029785156,139.88343811035156,86.21073150634766,232.5875244140625,94.53915405273438,56.22161102294922
2018-05-03,41.55620574951172,124.27999877929688,50.76919174194336,139.1236572265625,86.72698974609375,232.07492065429688,94.96281433105469,56.18486022949219
2018-05-04,43.18660354614258,124.54000091552734,51.98371505737305,140.86033630371094,87.7319564819336,235.0795135498047,95.106689453125,56.80221176147461
2018-05-07,43.49905776977539,124.56999969482422,52.310035705566406,142.05433654785156,88.70919036865234,235.87484741210938,94.95480346679688,57.184364318847656
2018-05-08,43.70814895629883,124.58999633789062,52.266395568847656,142.75978088378906,88.33119201660156,235.87484741210938,94.86693572998047,56.897743225097656
2018-05-09,44.01589584350586,124.33000183105469,53.6971549987793,143.52867126464844,89.37299346923828,238.1547393798828,94.2994155883789,57.2799186706543
2018-05-10,44.64550018310547,125.18000030517578,54.43162536621094,144.29745483398438,90.26728057861328,240.381591796875,95.05870056152344,57.72819137573242
2018-05-11,44.475704193115234,125.0,54.4658317565918,144.57786560058594,90.0736312866211,241.1151123046875,95.29851531982422,57.529788970947266
2018-05-14,44.3719367980957,124.48999786376953,54.562049865722656,144.02610778808594,90.37791442871094,241.23001098632812,94.7949447631836,57.03736877441406
2018-05-15,43.96864700317383,122.4800033569336,53.52208709716797,144.0532684326172,89.72333526611328,239.56869506835938,93.71595001220703,56.111392974853516
2018-05-16,44.37901306152344,122.29000091552734,53.64805603027344,145.5547637939453,89.9548110961914,240.5760955810547,93.35626220703125,55.94233322143555
2018-05-17,44.09836959838867,122.36000061035156,53.49034881591797,146.22409057617188,89.05667877197266,240.3727569580078,92.88465881347656,55.663063049316406
2018-05-18,43.93800735473633,122.41000366210938,52.88383102416992,146.41404724121094,89.22332000732422,239.77191162109375,93.68395233154297,55.73655700683594
2018-05-21,44.249298095703125,122.4800033569336,53.53944778442383,147.38192749023438,90.37146759033203,241.57460021972656,93.73188781738281,56.397987365722656
2018-05-22,44.138458251953125,122.41000366210938,53.05095291137695,146.31460571289062,90.27891540527344,240.90296936035156,93.58805084228516,56.47883987426758
2018-05-23,44.42146301269531,122.54000091552734,53.544898986816406,146.50453186035156,91.35297393798828,241.56565856933594,94.2674331665039,57.04471969604492
2018-05-24,44.3719367980957,123.58999633789062,53.5225830078125,146.5587921142578,91.02890014648438,241.0709228515625,95.01876068115234,56.927127838134766
2018-05-25,44.47334671020508,123.20999908447266,53.34503936767578,146.29652404785156,91.07520294189453,240.49652099609375,95.61023712158203,57.12556457519531
2018-05-29,44.31298065185547,123.19000244140625,52.584285736083984,146.09747314453125,90.75111389160156,237.73049926757812,97.70433807373047,57.39748764038086
2018-05-30,44.21865463256836,123.37000274658203,52.95523452758789,148.41307067871094,91.62151336669922,240.90296936035156,97.0489273071289,58.176509857177734
2018-05-31,44.07006072998047,123.0999984741211,53.8077392578125,147.2281494140625,91.5196304321289,239.4272918701172,96.88908386230469,57.97807312011719
2018-06-01,44.86483383178711,122.48999786376953,55.519195556640625,148.1959686279297,93.32523345947266,241.77783203125,96.37716674804688,58.23530960083008
2018-06-04,45.239803314208984,122.37000274658203,56.50062942504883,148.98292541503906,94.14006042480469,242.926513671875,95.6801986694336,58.742401123046875
2018-06-05,45.58882141113281,122.8499984741211,56.51898193359375,149.90550231933594,94.62155151367188,243.10345458984375,95.90451049804688,58.58806228637695
2018-06-06,45.7468376159668,122.91999816894531,56.3811149597168,150.99087524414062,94.89933013916016,245.13587951660156,95.12737274169922,58.72770690917969
2018-06-07,45.62420654296875,122.86000061035156,55.735416412353516,150.16781616210938,93.4085464477539,245.10940551757812,96.04872131347656,58.72770690917969
2018-06-08,45.209136962890625,123.01000213623047,55.58713150024414,150.6201171875,94.1030044555664,245.83401489257812,95.7602310180664,58.94081115722656
2018-06-11,45.09830093383789,123.2300033569336,56.03942108154297,150.84617614746094,93.56597900390625,246.1609649658203,95.58399200439453,58.85261917114258
2018-06-12,45.345924377441406,122.81999969482422,56.50212097167969,151.53359985351562,93.80670928955078,246.4790802001953,95.60806274414062,59.205387115478516
2018-06-13,44.97330856323242,123.19000244140625,56.2774658203125,150.9366912841797,93.3807601928711,245.6925811767578,95.55998992919922,58.05156326293945
2018-06-14,44.996891021728516,123.37999725341797,57.13690948486328,151.74163818359375,93.90857696533203,246.31121826171875,96.3531265258789,58.60274887084961
2018-06-15,44.5346565246582,121.33999633789062,57.14384841918945,151.78688049316406,92.71410369873047,245.99700927734375,96.44123840332031,58.56602478027344
2018-06-18,44.51107406616211,121.11000061035156,58.195220947265625,152.50146484375,93.39006042480469,245.4910125732422,96.3531265258789,58.58236312866211
2018-06-19,43.791778564453125,120.80000305175781,57.92742156982422,152.51052856445312,93.39006042480469,244.55015563964844,96.91390228271484,58.52300262451172
2018-06-20,43.982810974121094,120.26000213623047,58.01569366455078,153.7406005859375,94.32522583007812,244.96725463867188,96.06472778320312,59.175724029541016
2018-06-21,43.737545013427734,120.05000305175781,57.411651611328125,152.302490234375,93.64929962158203,243.4315948486328,96.56941223144531,59.45758819580078
2018-06-22,43.610206604003906,120.33999633789062,57.30354309082031,151.79592895507812,92.97338104248047,243.8753662109375,96.56143188476562,59.92488479614258
2018-06-25,42.96166229248047,119.88999938964844,55.782527923583984,149.3175811767578,91.10296630859375,240.5555877685547,96.77774047851562,59.76909255981445
2018-06-26,43.49463653564453,119.26000213623047,55.46761703491211,150.18589782714844,91.74185943603516,241.08824157714844,96.91390228271484,59.96198272705078
2018-06-27,43.43096160888672,118.58000183105469,54.74951171875,147.77992248535156,90.31592559814453,239.09100341796875,97.82720184326172,59.732025146484375
2018-06-28,43.746971130371094,118.22000122070312,55.25733947753906,148.232177734375,91.32522583007812,240.45802307128906,97.85124969482422,60.26608657836914
2018-06-29,43.65500259399414,118.6500015258789,55.3282585144043,148.1326141357422,91.30668640136719,240.8041229248047,97.5147933959961,60.4144287109375
2018-07-02,44.143165588378906,117.45999908447266,55.9139518737793,149.15476989746094,92.6030044555664,241.31893920898438,97.43848419189453,60.08064270019531
2018-07-03,43.37437057495117,118.6500015258789,54.695457458496094,149.74935913085938,91.71408081054688,240.46685791015625,97.96041107177734,60.5330924987793
2018-07-05,43.7234001159668,119.05000305175781,55.7557487487793,151.45596313476562,92.37152862548828,242.4285430908203,98.24140930175781,61.25259017944336
2018-07-06,44.32949447631836,118.86000061035156,56.544273376464844,152.7360382080078,93.6678237915039,244.47903442382812,98.56262969970703,61.57894515991211
2018-07-09,44.945011138916016,119.1500015258789,57.23262405395508,153.69822692871094,94.30671691894531,246.6804656982422,97.92826843261719,61.08940887451172
2018-07-10,44.89077377319336,118.93000030517578,57.172611236572266,152.99923706054688,94.55670928955078,247.56802368164062,97.92028045654297,61.21548843383789
2018-07-11,44.308250427246094,117.63999938964844,57.225181579589844,151.7010955810547,94.42709350585938,245.75723266601562,98.29769134521484,61.01525115966797
2018-07-12,45.05113220214844,118.12999725341797,58.692138671875,152.4364013671875,96.4734115600586,247.98533630371094,98.28962707519531,61.20064163208008
2018-07-13,45.121883392333984,117.61000061035156,58.95696258544922,151.98251342773438,97.62156677246094,248.18052673339844,98.53854370117188,61.01525115966797
2018-07-16,45.0228385925293,117.55000305175781,58.71098709106445,151.39244079589844,97.14008331298828,247.95870971679688,98.1290512084961,60.68886184692383
2018-07-17,45.150184631347656,116.27999877929688,59.451904296875,152.064208984375,98.10304260253906,248.9617462158203,97.94435119628906,60.288333892822266
2018-07-18,44.90256118774414,116.30999755859375,59.30709457397461,152.4908905029297,97.33453369140625,249.4853973388672,97.55086517333984,60.021297454833984
2018-07-19,45.251590728759766,115.80999755859375,58.86472702026367,153.57115173339844,96.6678695678711,248.5445556640625,98.16918182373047,60.72597122192383
2018-07-20,45.14781188964844,116.55999755859375,58.763057708740234,152.9447479248047,98.39936828613281,248.260498046875,96.9647445678711,60.139984130859375
2018-07-23,45.18793487548828,116.0,59.784175872802734,153.1353759765625,99.97344970703125,248.7220916748047,95.76834869384766,60.013893127441406
2018-07-24,45.51572036743164,116.04000091552734,61.89583969116211,151.50140380859375,99.68640899658203,249.9737091064453,96.0975570678711,59.70976638793945
2018-07-25,45.94493865966797,116.68000030517578,62.67048263549805,152.05511474609375,102.62165069580078,252.10409545898438,95.94499969482422,60.18450164794922
2018-07-26,45.80108642578125,115.7699966430664,62.90009689331055,152.8721466064453,101.50126647949219,251.50929260253906,95.7602767944336,60.384769439697266
2018-07-27,45.03934097290039,115.83000183105469,61.42073440551758,150.02169799804688,99.70492553710938,249.80499267578125,95.92090606689453,59.73945236206055
2018-07-30,44.78700637817383,115.6500015258789,60.490379333496094,149.05946350097656,97.56603240966797,248.5001983642578,95.5916976928711,59.77652359008789
2018-07-31,44.87660598754883,115.98999786376953,60.36738586425781,150.5753936767578,98.22344970703125,249.72515869140625,96.11363220214844,60.77787399291992
2018-08-01,47.520301818847656,115.13999938964844,60.50376510620117,150.47560119628906,98.40859985351562,249.30787658691406,95.3305892944336,61.208091735839844
2018-08-02,48.90935134887695,114.5199966430664,60.80826187133789,151.5740509033203,99.60308074951172,250.6660919189453,95.4674072265625,60.963321685791016
2018-08-03,49.050865173339844,114.91999816894531,60.687259674072266,151.04747009277344,100.03827667236328,251.7401123046875,95.9421615600586,61.623451232910156
2018-08-06,49.30555725097656,114.33000183105469,60.739830017089844,151.89175415039062,100.12161254882812,252.66323852539062,95.99854278564453,61.5418586730957
2018-08-07,48.843326568603516,114.58999633789062,61.605228424072266,152.2548828125,100.81604766845703,253.4976043701172,95.4996109008789,61.43059539794922
2018-08-08,48.87635040283203,114.91000366210938,61.77334213256836,152.11868286132812,101.3808822631836,253.3911895751953,95.59613800048828,61.074546813964844
2018-08-09,49.260746002197266,114.73999786376953,61.9464225769043,152.50906372070312,101.54753875732422,253.0449981689453,96.40093231201172,61.10425567626953
2018-08-10,49.1140251159668,114.69000244140625,61.3765983581543,152.08236694335938,100.92716979980469,251.34951782226562,97.10105895996094,60.63694381713867
2018-08-13,49.43114471435547,112.95999908447266,61.247657775878906,151.1927947998047,100.19567108154297,250.4086456298828,96.89986419677734,60.51826095581055
2018-08-14,49.639400482177734,113.06999969482422,61.599273681640625,152.69061279296875,101.44568634033203,252.00634765625,96.68257141113281,60.814964294433594
2018-08-15,49.75536346435547,111.19000244140625,60.22456741333008,150.775146484375,100.07003784179688,250.12454223632812,97.2458724975586,61.28223419189453
2018-08-16,50.484275817871094,111.0999984741211,59.833274841308594,152.1731719970703,100.05145263671875,252.14840698242188,97.23784637451172,61.779232025146484
2018-08-17,51.49244689941406,112.12999725341797,59.55902862548828,152.82679748535156,99.99567413330078,253.0360565185547,97.3585433959961,62.35036087036133
2018-08-20,50.99073028564453,112.69000244140625,59.89675521850586,153.25341796875,99.33573913574219,253.5775604248047,98.01044464111328,62.39486312866211
2018-08-21,50.891326904296875,113.0199966430664,59.59175491333008,155.01451110839844,98.50846862792969,254.17230224609375,97.68045043945312,62.01657485961914
2018-08-22,50.893707275390625,113.2699966430664,59.87493133544922,155.3957977294922,99.5123291015625,254.02142333984375,98.06671142578125,61.66797637939453
2018-08-23,50.997825622558594,112.19999694824219,59.77822494506836,154.9237518310547,99.9770736694336,253.68409729003906,98.21964263916016,61.51219177246094
2018-08-24,51.156402587890625,114.16000366210938,60.53550338745117,155.76805114746094,100.75785827636719,255.2108917236328,98.41278076171875,61.875633239746094
2018-08-27,51.5776481628418,114.58999633789062,61.585384368896484,155.9949188232422,101.87325286865234,257.225830078125,97.8494644165039,61.65312576293945
2018-08-28,51.994171142578125,113.68000030517578,61.05623245239258,156.1401824951172,102.48675537109375,257.35009765625,97.26202392578125,62.483863830566406
2018-08-29,52.77040481567383,114.19999694824219,61.956336975097656,156.59408569335938,104.12267303466797,258.7348327636719,97.3907241821289,62.49870300292969
2018-08-30,53.25556945800781,113.63999938964844,61.45148849487305,156.46702575683594,104.0575942993164,257.6873779296875,97.59996032714844,62.098182678222656
2018-08-31,53.87089538574219,113.51000213623047,60.413509368896484,157.066162109375,104.41080474853516,257.6963195800781,97.37466430664062,62.34294891357422
2018-09-04,54.04365158081055,112.93000030517578,59.36262893676758,156.3671417236328,103.83451080322266,257.2524719238281,96.81166076660156,61.60121536254883
2018-09-05,53.691017150878906,113.31999969482422,58.840919494628906,155.9495391845703,100.84149932861328,256.56011962890625,96.55357360839844,61.95722961425781
2018-09-06,52.79881286621094,113.54000091552734,58.09504318237305,154.89649963378906,101.0738754272461,255.787841796875,96.90848541259766,62.1352424621582
2018-09-07,52.372825622558594,113.2300033569336,57.76723861694336,154.81483459472656,100.58126068115234,255.29071044921875,96.08576202392578,61.460269927978516
2018-09-10,51.66994857788086,113.1500015258789,57.7578125,155.00546264648438,101.66876220703125,255.7345428466797,96.4406509399414,61.734718322753906
2018-09-11,52.976314544677734,113.22000122070312,58.38862609863281,155.25961303710938,103.39765930175781,256.5777893066406,95.7066879272461,61.727294921875
2018-09-12,52.31839370727539,114.16999816894531,57.66755294799805,154.8874053955078,103.83451080322266,256.63995361328125,95.9325180053711,61.7569694519043
2018-09-13,53.5821647644043,113.76000213623047,58.28795623779297,154.9237518310547,104.94989013671875,258.1578674316406,96.07769012451172,62.06106948852539
2018-09-14,52.973941802978516,113.0199966430664,58.14910125732422,155.577392578125,105.37748718261719,258.2022399902344,95.61795043945312,61.66797637939453
2018-09-17,51.56344985961914,113.61000061035156,57.331809997558594,153.92518615722656,104.23420715332031,256.83526611328125,95.61795043945312,61.86821746826172
2018-09-18,51.64865493774414,113.44000244140625,57.58820343017578,154.5697479248047,105.22876739501953,258.2289733886719,94.61780548095703,61.57151412963867
2018-09-19,51.679412841796875,113.87999725341797,58.07769012451172,154.00686645507812,103.82523345947266,258.504150390625,94.0532455444336,60.85205078125
2018-09-20,52.07225799560547,114.2699966430664,58.86025619506836,155.43209838867188,105.5633544921875,260.5989990234375,94.48877716064453,61.42318344116211
2018-09-21,51.511390686035156,113.48999786376953,57.82971954345703,154.687744140625,106.20471954345703,260.3608703613281,94.448486328125,61.400936126708984
2018-09-24,52.25212478637695,113.47000122070312,58.190757751464844,154.1158447265625,106.5858154296875,259.4959411621094,94.20645141601562,60.29829406738281
2018-09-25,52.58345413208008,113.6500015258789,58.75016403198242,154.3518829345703,106.38131713867188,259.2552795410156,94.10971069335938,60.30583190917969
2018-09-26,52.16457748413086,113.05000305175781,58.543861389160156,152.94105529785156,105.94448852539062,258.4794006347656,94.77104187011719,59.58378982543945
2018-09-27,53.23664093017578,112.05000305175781,59.2455940246582,152.95013427734375,106.34418487548828,259.20166015625,94.83560180664062,59.86958694458008
2018-09-28,53.42359161376953,112.76000213623047,59.18757629394531,153.41433715820312,106.30699920654297,259.2284240722656,94.58554077148438,60.681907653808594
2018-10-01,53.783302307128906,112.56999969482422,59.27882385253906,151.3936767578125,107.45955657958984,260.1290588378906,93.89117431640625,60.117801666259766
2018-10-02,54.2613639831543,113.87000274658203,59.516868591308594,149.7553253173828,107.031982421875,259.97747802734375,94.46512603759766,59.98243713378906
2018-10-03,54.92164993286133,113.41999816894531,59.65771484375,151.06600952148438,107.05057525634766,260.1201477050781,92.82412719726562,59.343109130859375
2018-10-04,53.956085205078125,113.4800033569336,57.93386459350586,148.94529724121094,104.83839416503906,258.0870666503906,92.16939544677734,58.84669494628906
2018-10-05,53.08043670654297,113.80000305175781,57.39628219604492,147.59814453125,104.22489929199219,256.6426086425781,91.37716674804688,58.81660079956055
2018-10-08,52.957374572753906,112.54000091552734,56.98069381713867,147.2886962890625,103.03514099121094,256.6426086425781,91.06999969482422,59.66653060913086
2018-10-09,53.691017150878906,112.5999984741211,56.477325439453125,146.7152557373047,104.3457260131836,256.2681579589844,91.99152374267578,59.74927520751953
2018-10-10,51.2037239074707,112.87999725341797,53.62077713012695,142.5010528564453,98.67578887939453,248.15377807617188,91.74095153808594,58.86174774169922
2018-10-11,50.751712799072266,115.77999877929688,53.526554107666016,139.77952575683594,98.44341278076172,242.6878662109375,92.85646057128906,57.17697525024414
2018-10-12,52.56452178955078,115.2300033569336,55.052024841308594,139.80682373046875,101.84536743164062,246.05833435058594,92.53313446044922,57.02655792236328
2018-10-15,51.44038009643555,116.0,54.16778564453125,140.32565307617188,100.01427459716797,244.6762237548828,92.49272155761719,57.41014099121094
2018-10-16,52.57398223876953,115.80000305175781,55.60746383666992,144.39425659179688,103.1745834350586,250.02635192871094,92.70288848876953,58.59096908569336
2018-10-17,52.3468017578125,115.79000091552734,55.33024215698242,143.77532958984375,102.90499114990234,250.07086181640625,92.15322875976562,58.36533737182617
2018-10-18,51.12327194213867,115.91999816894531,53.955528259277344,141.08111572265625,100.85082244873047,246.45962524414062,92.12088012695312,58.25252151489258
2018-10-19,51.90187072753906,116.01000213623047,54.37657165527344,139.58840942382812,100.9995346069336,246.3258819580078,91.91877746582031,58.75642776489258
2018-10-22,52.218997955322266,115.70999908447266,54.609657287597656,139.28797912597656,101.90115356445312,245.22023010253906,91.79753112792969,57.93663787841797
2018-10-23,52.71124267578125,116.38999938964844,54.735130310058594,138.04104614257812,100.47901153564453,243.97183227539062,92.08853149414062,58.19234085083008
2018-10-24,50.903167724609375,116.66000366210938,52.107696533203125,132.8438262939453,95.10649871826172,236.57984924316406,92.78370666503906,58.741397857666016
2018-10-25,52.0178337097168,116.4000015258789,54.33243179321289,135.72000122070312,100.66490173339844,240.8241729736328,92.39569854736328,59.49355697631836
2018-10-26,51.18952941894531,116.7699966430664,53.13725280761719,134.2364044189453,99.41938781738281,236.58871459960938,92.95347595214844,58.064476013183594
2018-10-29,50.22868728637695,116.30999755859375,50.58866882324219,133.49913024902344,96.52862548828125,235.27798461914062,92.74333190917969,58.80158615112305
2018-10-30,50.47954177856445,115.80000305175781,51.38860321044922,136.2843475341797,96.41709899902344,238.7644500732422,92.28254699707031,59.606353759765625
2018-10-31,51.79538345336914,115.1500015258789,53.400089263916016,136.5574493408203,99.2799301147461,241.31466674804688,91.81368255615234,58.906856536865234
2018-11-01,52.590553283691406,116.62999725341797,53.0643424987793,139.70669555664062,98.45270538330078,243.882568359375,91.8987808227539,59.18516540527344
2018-11-02,49.10218048095703,116.6500015258789,52.45881652832031,140.1709442138672,98.67578887939453,242.4381561279297,90.7562255859375,58.696285247802734
2018-11-05,47.70825958251953,116.37000274658203,51.581024169921875,140.06170654296875,99.93061828613281,243.77566528320312,91.11274719238281,59.56875228881836
2018-11-06,48.224178314208984,116.04000091552734,52.360626220703125,140.75344848632812,100.12580108642578,245.31832885742188,91.05604553222656,59.86958694458008
2018-11-07,49.686744689941406,116.02999877929688,54.22431945800781,143.2747344970703,104.06689453125,250.57028198242188,91.17756652832031,60.5841178894043
2018-11-08,49.51336669921875,115.77999877929688,53.679298400878906,142.8924102783203,103.87168884277344,250.11544799804688,91.16947937011719,60.62923812866211
2018-11-09,48.55868911743164,114.4800033569336,52.873409271240234,140.2437744140625,101.84536743164062,247.67225646972656,91.85017395019531,60.62172317504883
2018-11-12,46.11257553100586,113.66000366210938,51.50861740112305,137.46763610839844,99.33573913574219,243.04449462890625,92.44982147216797,60.742069244384766
2018-11-13,45.65185546875,113.69999694824219,51.38066482543945,137.03070068359375,99.40078735351562,242.58973693847656,92.3930892944336,60.681907653808594
2018-11-14,44.362308502197266,114.63999938964844,51.75807189941406,136.02947998046875,97.9911880493164,240.93121337890625,92.44982147216797,60.531471252441406
2018-11-15,45.45710754394531,114.7699966430664,52.801998138427734,137.9682159423828,100.14762115478516,243.44573974609375,92.4092788696289,60.117801666259766
2018-11-16,45.96059036254883,115.62000274658203,52.642303466796875,138.29592895507812,101.09044647216797,244.078857421875,92.94409942626953,60.76463317871094
2018-11-19,44.139068603515625,115.66999816894531,50.58470153808594,135.49252319335938,97.66445922851562,239.95034790039062,93.20340728759766,60.84738540649414
2018-11-20,42.030189514160156,115.66999816894531,50.870361328125,132.8802032470703,94.94791412353516,235.50979614257812,93.23580169677734,60.22309112548828
2018-11-21,41.982704162597656,115.86000061035156,51.458030700683594,134.73703002929688,96.25484466552734,236.31231689453125,93.20340728759766,60.27574157714844
2018-11-23,40.9163932800293,115.7699966430664,50.77712631225586,134.6095428466797,96.21749877929688,234.73403930664062,93.30062866210938,60.1553955078125
2018-11-26,41.4697380065918,115.63999938964844,52.00404739379883,136.35714721679688,99.39146423339844,238.5237274169922,93.08993530273438,60.26820755004883
2018-11-27,41.37948226928711,114.94999694824219,51.795265197753906,135.22853088378906,100.01690673828125,239.326171875,93.1952896118164,60.523956298828125
2018-11-28,42.97064971923828,115.37999725341797,53.869239807128906,138.56895446777344,103.73229217529297,244.8367156982422,92.74150848388672,61.06547546386719
2018-11-29,42.64053726196289,115.73999786376953,53.97189712524414,138.1957550048828,102.8641357421875,244.30169677734375,93.10616302490234,61.08053970336914
2018-11-30,42.41018295288086,115.54000091552734,54.275901794433594,138.91485595703125,103.5176010131836,245.79083251953125,93.4545669555664,61.65966033935547
2018-12-03,43.89208984375,116.41000366210938,54.87101745605469,140.2437744140625,104.63780212402344,249.04541015625,94.11817932128906,61.99059295654297
2018-12-04,41.96131896972656,117.12000274658203,52.113155364990234,134.27281188964844,101.30516052246094,240.97579956054688,95.69384002685547,61.0730094909668
2018-12-06,41.493492126464844,117.13999938964844,53.001365661621094,133.98153686523438,101.93063354492188,240.61019897460938,95.99437713623047,62.58480453491211
2018-12-07,40.01395034790039,118.08999633789062,51.406951904296875,131.087158203125,97.85115814208984,235.01939392089844,96.17301940917969,61.76496124267578
2018-12-10,40.27755355834961,117.68000030517578,51.55424499511719,130.70486450195312,100.43700408935547,235.46524047851562,96.57100677490234,61.366329193115234
2018-12-11,40.047203063964844,117.54000091552734,52.159278869628906,130.56829833984375,101.37052154541016,235.5187530517578,96.55480194091797,61.396427154541016
2018-12-12,40.15882110595703,117.79000091552734,52.750919342041016,131.8152618408203,101.82792663574219,236.7046356201172,96.12429809570312,60.44873046875
2018-12-13,40.59816360473633,117.52999877929688,52.66264343261719,129.94935607910156,102.1733627319336,236.62442016601562,95.89685821533203,60.79811096191406
2018-12-14,39.299110412597656,117.05999755859375,51.680702209472656,127.98332214355469,98.980712890625,232.2552032470703,96.22986602783203,60.62302017211914
2018-12-17,38.933387756347656,117.87000274658203,50.41261672973633,125.13309478759766,96.0494613647461,227.69871520996094,96.79032897949219,58.33966827392578
2018-12-18,39.439231872558594,118.1500015258789,51.016658782958984,124.9779052734375,97.05766296386719,227.44903564453125,97.36996459960938,58.940975189208984
2018-12-19,38.20907211303711,117.43000030517578,50.73398208618164,122.37506103515625,96.79627990722656,224.04286193847656,98.6562728881836,58.29400634765625
2018-12-20,37.244873046875,119.23999786376953,50.059513092041016,120.35677337646484,94.76121520996094,220.39588928222656,98.29808044433594,57.41872024536133
2018-12-21,35.79621124267578,118.72000122070312,48.57817459106445,117.23348999023438,91.69929504394531,215.88006591796875,98.28182983398438,56.61954879760742
2018-12-24,34.8700065612793,120.0199966430664,48.413536071777344,114.95954895019531,87.87189483642578,210.17587280273438,98.77030181884766,54.60258865356445
2018-12-26,37.325618743896484,119.66000366210938,51.549781799316406,120.4846420288086,93.87437438964844,220.79495239257812,97.7119140625,56.42926788330078
2018-12-27,37.083377838134766,120.56999969482422,51.768978118896484,120.9869155883789,94.45316314697266,222.49009704589844,97.72818756103516,56.42165756225586
2018-12-28,37.10237121582031,121.05999755859375,51.43174743652344,121.33396911621094,93.71568298339844,222.20309448242188,98.55046844482422,56.604339599609375
2018-12-31,37.46097946166992,121.25,51.35884475708008,122.28376770019531,94.81720733642578,224.1493682861328,98.92494201660156,56.75654602050781
2019-01-02,37.50372314453125,121.33000183105469,51.86667251586914,122.97784423828125,94.39714050292969,224.382568359375,99.44600677490234,55.52354049682617
2019-01-03,33.76808166503906,122.43000030517578,50.389312744140625,120.77688598632812,90.92447662353516,219.02813720703125,100.57765197753906,55.91170883178711
2019-01-04,35.20960998535156,121.44000244140625,53.09955978393555,125.28834533691406,95.15330505371094,226.36459350585938,99.41345977783203,56.566280364990234
2019-01-07,35.13124465942383,121.86000061035156,52.9844970703125,127.48013305664062,95.2746353149414,228.14942932128906,99.12034606933594,57.12187576293945
2019-01-08,35.800960540771484,121.52999877929688,53.37578582763672,129.43443298339844,95.9654541015625,230.29302978515625,98.8598403930664,58.301605224609375
2019-01-09,36.40890884399414,122.30999755859375,53.295448303222656,130.50296020507812,97.33773040771484,231.3692626953125,98.70513916015625,58.21788787841797
2019-01-10,36.525291442871094,121.58999633789062,53.080711364746094,131.17880249023438,96.7122573852539,232.18540954589844,98.07011413574219,59.00944900512695
2019-01-11,36.16667938232422,121.80000305175781,52.4290657043457,131.21530151367188,95.9654541015625,232.27513122558594,98.45276641845703,59.17691421508789
2019-01-14,35.62284469604492,122.08999633789062,51.80915069580078,129.9093780517578,95.26532745361328,230.85806274414062,98.08639526367188,58.979007720947266
2019-01-15,36.3519172668457,121.87999725341797,53.4189338684082,131.00526428222656,98.02854919433594,233.50390625,97.72818756103516,59.5422477722168
2019-01-16,36.79602813720703,122.2699966430664,53.608375549316406,131.98251342773438,98.3739242553711,234.06890869140625,97.82588195800781,59.96087646484375
2019-01-17,37.01451110839844,122.11000061035156,54.051239013671875,133.1787872314453,99.06471252441406,235.8447265625,97.850341796875,60.25008773803711
2019-01-18,37.242496490478516,121.0199966430664,54.4658317565918,134.54867553710938,100.54901123046875,238.98382568359375,97.33741760253906,60.455589294433594
2019-01-22,36.406551361083984,121.44999694824219,53.09013748168945,132.42079162597656,98.65397644042969,235.7550048828125,97.9968490600586,60.272926330566406
2019-01-23,36.55378723144531,121.27999877929688,53.340576171875,132.05552673339844,99.6155014038086,236.24827575683594,97.95613098144531,60.28053283691406
2019-01-24,36.264041900634766,121.08999633789062,53.25775909423828,132.8500518798828,99.139404296875,236.3739013671875,98.5993423461914,60.48602294921875
2019-01-25,37.46573257446289,122.86000061035156,54.10530090332031,134.5577850341797,100.04490661621094,238.37399291992188,98.12713623046875,61.239524841308594
2019-01-28,37.11899185180664,123.29000091552734,53.06831359863281,133.83633422851562,98.09387969970703,236.56222534179688,98.0294189453125,61.84083938598633
2019-01-29,36.73427200317383,123.9800033569336,52.599159240722656,133.5166778564453,96.09616088867188,236.24827575683594,98.52601623535156,62.327938079833984
2019-01-30,39.24449920654297,124.69000244140625,54.009586334228516,134.9778594970703,99.30742645263672,239.98831176757812,98.45276641845703,62.83028030395508
2019-01-31,39.527103424072266,124.75,55.36396789550781,136.12860107421875,97.48709869384766,242.095947265625,99.29948425292969,63.484832763671875
2019-02-01,39.54610824584961,124.5,55.08525085449219,136.23817443847656,95.94678497314453,242.21258544921875,98.69973754882812,63.081451416015625
2019-02-04,40.66940689086914,123.95999908447266,56.17877960205078,137.86375427246094,98.70996856689453,243.9167022705078,98.25911712646484,63.5533332824707
2019-02-05,41.36524963378906,124.27999877929688,56.83290481567383,138.00990295410156,100.09162139892578,244.9390869140625,98.70791625976562,63.918663024902344
2019-02-06,41.37948226928711,123.44000244140625,55.30743408203125,137.83633422851562,98.980712890625,244.6162109375,98.7568359375,63.50003433227539
2019-02-07,40.59578323364258,123.73999786376953,54.4881591796875,136.7039337158203,98.271240234375,242.2843475341797,99.40962982177734,64.02522277832031
2019-02-08,40.64349365234375,124.20999908447266,54.30714416503906,136.8500518798828,98.64464569091797,242.58033752441406,99.83392333984375,64.02522277832031
2019-02-11,40.409751892089844,123.5999984741211,54.304664611816406,137.99160766601562,98.2525863647461,242.71482849121094,99.4422607421875,64.20030212402344
2019-02-12,40.75796890258789,123.86000061035156,55.61193084716797,139.71766662597656,99.78353118896484,245.83604431152344,99.18931579589844,63.79689025878906
2019-02-13,40.588623046875,123.37000274658203,55.55192184448242,140.1103057861328,99.70883178710938,246.63426208496094,98.81397247314453,64.12416076660156
2019-02-14,40.736507415771484,124.05999755859375,55.62681198120117,140.43002319335938,99.79286193847656,246.0871124267578,99.37696838378906,64.32967376708984
2019-02-15,40.645870208740234,124.80000305175781,55.22906494140625,142.66741943359375,101.02510070800781,248.76881408691406,99.53204345703125,64.76351165771484
2019-02-19,40.76750183105469,126.69999694824219,55.47257614135742,143.06008911132812,100.97843933105469,249.19937133789062,99.78495025634766,64.74828338623047
2019-02-20,41.02986526489258,126.4800033569336,55.23651123046875,143.73590087890625,100.45342254638672,249.7015838623047,99.49937438964844,64.34490203857422
2019-02-21,40.798519134521484,125.05000305175781,54.40186309814453,143.18797302246094,102.57218933105469,248.81370544433594,98.60995483398438,64.40579223632812
2019-02-22,41.254058837890625,125.5,55.06640625,144.4299774169922,104.03467559814453,250.35635375976562,99.19747924804688,64.78633117675781
2019-02-25,41.5545768737793,125.37000274658203,55.01830291748047,144.46656799316406,104.61592864990234,250.6971435546875,98.9037094116211,64.2763900756836
2019-02-26,41.57842254638672,125.58000183105469,55.302467346191406,143.47113037109375,105.33782958984375,250.51766967773438,99.39329528808594,64.07850646972656
2019-02-27,41.707210540771484,124.69000244140625,55.34809875488281,143.6719970703125,105.15970611572266,250.41012573242188,98.26725769042969,63.75881576538086
2019-02-28,41.29698181152344,123.98999786376953,55.54002380371094,143.17884826660156,105.02843475341797,249.9436798095703,97.93272399902344,63.92625427246094
2019-03-01,41.73106384277344,121.87999725341797,56.58494567871094,144.5121612548828,105.49717712402344,251.5043487548828,97.02754974365234,63.7284049987793
2019-03-04,41.940956115722656,121.55999755859375,56.92266845703125,143.20626831054688,105.24406433105469,250.58938598632812,97.78797912597656,64.01762390136719
2019-03-05,41.864627838134766,121.72000122070312,57.62837600708008,142.5395965576172,104.71908569335938,250.2487030029297,97.99242401123047,64.19265747070312
2019-03-06,41.62374496459961,121.61000061035156,57.42156982421875,139.7450408935547,104.76595306396484,248.73294067382812,98.35220336914062,63.895851135253906
2019-03-07,41.14196014404297,121.51000213623047,56.699501037597656,138.52127075195312,103.49092864990234,246.65219116210938,98.989990234375,63.75881576538086
2019-03-08,41.23975372314453,122.83999633789062,56.650909423828125,138.48471069335938,103.60344696044922,246.1588592529297,99.40702819824219,63.82734298706055
2019-03-11,42.668392181396484,122.23999786376953,58.30928421020508,140.9048614501953,105.77845001220703,249.72853088378906,99.11264038085938,64.76351165771484
2019-03-12,43.147789001464844,122.9800033569336,59.17418670654297,140.97792053222656,106.51910400390625,250.670166015625,99.8076400756836,65.06035614013672
2019-03-13,43.33858108520508,123.83999633789062,59.180137634277344,141.53497314453125,107.34407806396484,252.32945251464844,99.61964416503906,65.38002014160156
2019-03-14,43.82036209106445,122.41000366210938,58.7947998046875,140.95965576171875,107.4284439086914,252.16807556152344,98.90003967285156,65.47895812988281
2019-03-15,44.39038848876953,122.97000122070312,58.74073791503906,141.33404541015625,108.66595458984375,253.41390991210938,99.55420684814453,65.2734603881836
2019-03-18,44.84354782104492,123.04000091552734,58.7308235168457,142.2382049560547,110.22219848632812,254.3326416015625,99.49699401855469,64.94618225097656
2019-03-19,44.48817443847656,123.37999725341797,59.45438766479492,141.51673889160156,110.29721069335938,254.39573669433594,99.27619171142578,64.74828338623047
2019-03-20,44.8769416809082,124.18000030517578,60.700157165527344,140.33734130859375,110.17534637451172,253.63006591796875,100.31465911865234,64.94618225097656
2019-03-21,46.52977752685547,123.68000030517578,61.07557678222656,142.17787170410156,112.70657348632812,256.4947814941406,100.53543090820312,66.10307312011719
2019-03-22,45.56620788574219,123.97000122070312,59.784175872802734,137.0042724609375,109.73471069335938,251.55812072753906,102.09719848632812,65.62357330322266
2019-03-25,45.0152587890625,124.91999816894531,59.164268493652344,137.60861206054688,110.30657958984375,251.36900329589844,102.26070404052734,65.70732116699219
2019-03-26,44.55017852783203,124.30000305175781,58.748680114746094,139.05540466308594,110.54097747802734,253.24273681640625,102.18718719482422,66.23248291015625
2019-03-27,44.950870513916016,123.6500015258789,58.173404693603516,138.51513671875,109.47220611572266,251.91844177246094,103.12751007080078,66.04219055175781
2019-03-28,45.01050567626953,121.9000015258789,57.9487419128418,139.7512969970703,109.6222152709961,252.87332153320312,103.4873275756836,66.68305206298828
2019-03-29,45.30385208129883,122.01000213623047,58.187782287597656,140.18167114257812,110.56908416748047,254.46778869628906,103.38921356201172,66.62173461914062
2019-04-01,45.61153030395508,121.52999877929688,59.23518753051758,141.7108612060547,111.58160400390625,257.4855651855469,101.92064666748047,66.5833511352539
2019-04-02,46.27457046508789,121.9800033569336,59.53572082519531,141.34458923339844,111.74097442626953,257.6117248535156,102.109130859375,67.05097961425781
2019-04-03,46.5917854309082,121.80000305175781,59.80501174926758,142.0771484375,112.47223663330078,258.0171813964844,101.22406768798828,66.9743423461914
2019-04-04,46.67286682128906,122.11000061035156,60.25530242919922,142.77308654785156,111.90034484863281,258.7017517089844,101.51091766357422,66.86699676513672
2019-04-05,46.98530960083008,121.9800033569336,59.865997314453125,144.10995483398438,112.39723205566406,259.9539794921875,101.64199829101562,67.3345947265625
2019-04-08,47.72467803955078,122.51000213623047,59.70185470581055,143.87185668945312,112.43470764160156,260.1521301269531,101.28145599365234,66.9590072631836
2019-04-09,47.58156967163086,123.1500015258789,59.37503433227539,142.11376953125,111.8253402709961,258.8189392089844,101.60104370117188,66.60638427734375
2019-04-10,47.84869384765625,123.52999877929688,59.618534088134766,144.0458526611328,112.67845916748047,259.7017517089844,101.8469009399414,67.21961975097656
2019-04-11,47.45040512084961,121.94999694824219,59.740535736083984,143.86273193359375,112.80973815917969,259.6296081542969,101.24864959716797,67.17362213134766
2019-04-12,47.431312561035156,121.83000183105469,60.39764404296875,144.38461303710938,113.39095306396484,261.38629150390625,100.52751922607422,67.49559020996094
2019-04-15,47.517173767089844,121.5999984741211,60.55781936645508,143.9176483154297,113.4847183227539,261.2151184082031,100.78157043457031,67.150634765625
2019-04-16,47.521942138671875,120.51000213623047,60.856868743896484,144.2564239501953,113.22220611572266,261.38629150390625,100.1505126953125,65.63285064697266
2019-04-17,48.44733810424805,120.27999877929688,61.31361770629883,142.9379119873047,114.15971374511719,260.7466125488281,100.19154357910156,65.03491973876953
2019-04-18,48.6214599609375,120.37000274658203,61.31510925292969,142.5166778564453,115.65972137451172,261.2601013183594,100.71601104736328,65.53319549560547
2019-04-22,48.78125,120.37000274658203,61.933528900146484,142.14122009277344,116.02536010742188,261.4853210449219,100.23247528076172,64.81262969970703
2019-04-23,49.484840393066406,120.12000274658203,62.7126350402832,144.28390502929688,117.6003646850586,263.8365173339844,100.44554138183594,65.67118072509766
2019-04-24,49.408512115478516,120.47000122070312,62.288612365722656,144.7326202392578,117.19722747802734,263.2509765625,101.26506042480469,66.15409851074219
2019-04-25,48.96013259887695,120.56999969482422,62.658077239990234,143.53305053710938,121.0784912109375,263.0887756347656,101.11754608154297,66.01614379882812
2019-04-26,48.72639083862305,121.37000274658203,63.09103012084961,144.92489624023438,121.77225494384766,264.3140563964844,101.4617691040039,66.5373764038086
2019-04-29,48.80033493041992,120.83000183105469,63.85475158691406,145.62081909179688,121.6597671508789,264.7283020019531,100.81433868408203,65.88581848144531
2019-04-30,47.86063003540039,121.19999694824219,58.94010543823242,144.94320678710938,122.43783569335938,264.8634338378906,101.33060455322266,66.5143814086914
2019-05-01,50.20988464355469,120.4000015258789,57.92840576171875,143.5697021484375,119.88787078857422,262.8726501464844,101.74859619140625,66.56805419921875
2019-05-02,49.883148193359375,119.94000244140625,57.65714645385742,144.23814392089844,118.32221984863281,262.3051452636719,101.26408386230469,66.63703918457031
2019-05-03,50.50325393676758,120.6500015258789,58.787357330322266,146.99435424804688,120.8441162109375,264.8724670410156,101.55152130126953,67.20429229736328
2019-05-06,49.723331451416016,120.80999755859375,58.9852409362793,147.15921020507812,120.1410140991211,263.78253173828125,101.83074951171875,66.98965454101562
2019-05-07,48.38294982910156,121.20999908447266,58.226959228515625,144.2472686767578,117.67536926269531,259.37744140625,102.61088562011719,65.77849578857422
2019-05-08,48.392486572265625,120.91000366210938,57.838645935058594,143.54222106933594,117.66597747802734,259.01702880859375,102.16743469238281,65.70952606201172
2019-05-09,47.87255096435547,121.19999694824219,57.645729064941406,143.0203094482422,117.6566162109375,258.2333679199219,102.58629608154297,65.87814331054688
2019-05-10,47.2093505859375,121.43000030517578,57.73945617675781,143.4140167236328,119.18474578857422,259.530517578125,102.4466323852539,66.5833511352539
2019-05-13,44.4655647277832,122.66999816894531,56.14059066772461,138.84475708007812,115.64097595214844,253.00851440429688,103.25141143798828,66.5143814086914
2019-05-14,45.16947937011719,122.45999908447266,55.56581115722656,140.5937042236328,116.93473815917969,255.2965850830078,102.94759368896484,66.75969696044922
2019-05-15,45.71055603027344,122.38999938964844,57.73648452758789,141.0515594482422,118.58141326904297,256.7919921875,103.57991790771484,67.21195220947266
2019-05-16,45.50944519042969,121.51000213623047,58.46897506713867,141.9306640625,121.31965637207031,259.170166015625,103.23501586914062,67.48025512695312
2019-05-17,45.25086975097656,120.6500015258789,57.641761779785156,139.95272827148438,120.51043701171875,257.49462890625,103.46492767333984,67.34994506835938
2019-05-20,43.835880279541016,120.63999938964844,56.47881317138672,138.98211669921875,118.76963806152344,255.7920684814453,103.25141143798828,66.37640380859375
2019-05-21,44.676265716552734,120.36000061035156,57.01342010498047,140.85012817382812,119.40950775146484,258.0982666015625,103.0871810913086,66.94365692138672
2019-05-22,43.76165771484375,120.23999786376953,57.102195739746094,139.6688995361328,120.134033203125,257.3055114746094,103.678466796875,67.14298248291016
2019-05-23,43.014671325683594,121.16999816894531,56.57403564453125,136.79367065429688,118.73200225830078,254.16159057617188,104.84458923339844,67.29627990722656
2019-05-24,42.84946823120117,121.30000305175781,56.212005615234375,138.07562255859375,118.78843688964844,254.7380828857422,104.93494415283203,67.50326538085938
2019-05-28,42.672298431396484,120.83000183105469,56.2457275390625,136.97682189941406,118.71318054199219,252.368896484375,105.6904525756836,66.83634185791016
2019-05-29,42.468788146972656,120.87000274658203,55.368431091308594,135.8321990966797,117.56517028808594,250.67539978027344,106.01070404052734,65.94715881347656
2019-05-30,42.68904113769531,121.69000244140625,55.44232177734375,135.45675659179688,118.30853271484375,251.36001586914062,106.9222412109375,66.22310638427734
2019-05-31,41.91572570800781,123.33000183105469,54.73215103149414,133.56130981445312,116.37956237792969,247.97280883789062,108.2608642578125,66.60638427734375
2019-06-03,41.491943359375,125.11000061035156,51.38959503173828,134.02828979492188,112.76622009277344,247.34225463867188,108.98497772216797,66.7673568725586
2019-06-04,43.0098762512207,125.1500015258789,52.22374725341797,137.4987030029297,115.8902587890625,252.71119689941406,107.7424087524414,66.46839141845703
2019-06-05,43.70419692993164,125.47000122070312,51.68666076660156,137.5261688232422,118.40267181396484,254.90017700195312,107.13350677490234,67.85587310791016
2019-06-06,44.345855712890625,125.87999725341797,51.79179382324219,137.16903686523438,120.27519226074219,256.55780029296875,107.47909545898438,67.98617553710938
2019-06-07,45.52621078491211,126.58999633789062,52.86795425415039,138.13973999023438,123.64386749267578,259.1251220703125,108.4089584350586,68.23915100097656
2019-06-10,46.108009338378906,125.33000183105469,53.5791130065918,138.95465087890625,124.77304077148438,260.31427001953125,107.38856506347656,68.01683044433594
2019-06-11,46.64191436767578,125.18000030517578,53.496803283691406,138.5426025390625,124.3025894165039,260.2512512207031,107.45443725585938,68.2008285522461
2019-06-12,46.49348068237305,125.83000183105469,53.412986755371094,138.69827270507812,123.72859191894531,259.79180908203125,107.53670501708984,68.4307861328125
2019-06-13,46.48390579223633,126.5999984741211,53.99520492553711,140.163330078125,124.50959014892578,260.86370849609375,107.90702056884766,68.72207641601562
2019-06-14,46.14630889892578,126.55999755859375,53.825599670410156,138.9363555908203,124.63191223144531,260.5754699707031,108.1785659790039,68.76040649414062
2019-06-17,46.421653747558594,126.4800033569336,54.180179595947266,139.89474487304688,125.00830841064453,260.674560546875,108.36785888671875,69.49629974365234
2019-06-18,47.51341247558594,127.12000274658203,54.73065948486328,141.521240234375,127.18193817138672,263.40411376953125,108.9109115600586,69.42732238769531
2019-06-19,47.37455368041992,127.88999938964844,54.66768264770508,142.02667236328125,127.68067932128906,263.9986572265625,109.0672836303711,69.80293273925781
2019-06-20,47.75524139404297,131.11000061035156,55.11847686767578,142.69744873046875,128.86622619628906,266.52093505859375,109.35530853271484,70.1555404663086
2019-06-21,47.592430114746094,131.97999572753906,55.6372184753418,141.46609497070312,128.8851318359375,266.13360595703125,108.15386962890625,69.16669464111328
2019-06-24,47.5445442199707,133.94000244140625,55.32181167602539,139.74774169921875,129.64727783203125,265.8077087402344,108.9603271484375,68.92904663085938
2019-06-25,46.823883056640625,134.1999969482422,53.87519073486328,138.89312744140625,125.55401611328125,263.2007751464844,109.29774475097656,67.90951538085938
2019-06-26,47.83662796020508,132.97000122070312,53.55035400390625,138.57154846191406,126.0245132446289,262.93817138671875,108.59825897216797,66.55270385742188
2019-06-27,47.822269439697266,132.83999633789062,53.362396240234375,141.17208862304688,126.23155212402344,263.87060546875,109.36353302001953,67.40946197509766
2019-06-28,47.38652038574219,133.1999969482422,53.605403900146484,142.89044189453125,126.05277252197266,265.2283935546875,109.28950500488281,67.64163970947266
2019-07-01,48.2556266784668,130.6199951171875,54.450462341308594,143.44178771972656,127.67123413085938,267.63629150390625,109.03388977050781,67.61068725585938
2019-07-02,48.53814697265625,133.41000366210938,55.110050201416016,142.56881713867188,128.5181427001953,268.33331298828125,109.87488555908203,68.78705596923828
2019-07-03,48.94038009643555,133.6300048828125,55.622344970703125,143.5887451171875,129.34617614746094,270.4786682128906,110.65818786621094,69.60741424560547
2019-07-05,48.89727783203125,132.13999938964844,56.118770599365234,143.97471618652344,128.96974182128906,270.1708679199219,109.1905288696289,69.35975646972656
2019-07-08,47.889312744140625,131.2899932861328,55.362972259521484,142.60556030273438,128.87570190429688,268.6863098144531,109.33891296386719,69.60741424560547
2019-07-09,48.18141555786133,131.75,55.78352737426758,142.7985382080078,128.40524291992188,269.0212097167969,109.29771423339844,69.83960723876953
2019-07-10,48.657859802246094,133.8300018310547,56.55964660644531,143.04660034179688,129.71316528320312,270.3066101074219,108.6958236694336,70.24205780029297
2019-07-11,48.303504943847656,132.6999969482422,56.74462890625,142.34828186035156,130.23068237304688,270.9402770996094,107.24467468261719,69.32880401611328
2019-07-12,48.674617767333984,133.52999877929688,56.77885437011719,143.45094299316406,130.701171875,272.15325927734375,107.36839294433594,69.23594665527344
2019-07-15,49.13191604614258,133.52999877929688,57.04862976074219,142.69744873046875,130.701171875,272.2437438964844,107.98677062988281,69.18175506591797
2019-07-16,48.961917877197266,132.39999389648438,57.20931625366211,142.6515350341797,128.9886016845703,271.3657531738281,107.66523742675781,69.01922607421875
2019-07-17,48.68659210205078,134.5800018310547,56.850765228271484,141.6315155029297,128.2263946533203,269.51904296875,108.8277359008789,68.78705596923828
2019-07-18,49.239654541015625,136.47999572753906,56.84976577758789,142.16444396972656,128.36756896972656,270.50579833984375,108.83600616455078,68.78705596923828
2019-07-19,48.50461196899414,134.47000122070312,56.04487609863281,141.34664916992188,128.5557403564453,269.0032043457031,108.58040618896484,67.66485595703125
2019-07-22,49.6131591796875,134.4499969482422,56.44013214111328,141.21798706054688,130.2589111328125,269.6639099121094,108.78652954101562,67.60295104980469
2019-07-23,50.00101089477539,133.69000244140625,56.843814849853516,142.15525817871094,131.068115234375,271.59210205078125,108.19286346435547,68.36914825439453
2019-07-24,49.96031951904297,134.3699951171875,56.42723083496094,144.50767517089844,132.41375732421875,272.868408203125,108.66284942626953,68.42334747314453
2019-07-25,49.56526184082031,133.4199981689453,56.14505386352539,142.76177978515625,131.91505432128906,271.5649108886719,108.1434326171875,68.0208740234375
2019-07-26,49.7376594543457,133.63999938964844,62.01139831542969,144.45254516601562,132.9971160888672,273.3843994140625,108.39900970458984,68.3304443359375
2019-07-29,50.202125549316406,134.52999877929688,61.46587371826172,143.48768615722656,132.70545959472656,272.8864440917969,108.43196868896484,68.51618957519531
2019-07-30,49.98666000366211,134.97999572753906,60.758174896240234,145.04063415527344,132.06561279296875,272.2167053222656,108.6958236694336,69.06566619873047
2019-07-31,51.006591796875,133.2100067138672,60.338623046875,143.86447143554688,128.2263946533203,269.238525390625,109.56977081298828,68.7947998046875
2019-08-01,49.90285110473633,136.41000366210938,59.958248138427734,141.77850341796875,129.9107208251953,266.8939514160156,111.74589538574219,68.7947998046875
2019-08-02,48.84700393676758,135.88999938964844,59.21335983276367,140.2072296142578,128.8192138671875,264.8843688964844,112.7785873413086,69.12757873535156
2019-08-05,46.28996276855469,137.7899932861328,57.14682388305664,135.9985809326172,124.40603637695312,256.9184875488281,114.72834014892578,67.76546478271484
2019-08-06,47.1662483215332,138.91000366210938,58.02114486694336,137.248291015625,126.73965454101562,260.521240234375,115.6453857421875,68.51618957519531
2019-08-07,47.6546630859375,141.02000427246094,58.22150421142578,137.21156311035156,127.29487609863281,260.6751708984375,115.68663024902344,69.18175506591797
2019-08-08,48.70574188232422,141.72999572753906,59.74946594238281,140.17042541503906,130.69174194335938,265.7896423339844,115.93452453613281,70.39684295654297
2019-08-09,48.30438232421875,141.25999450683594,58.91680145263672,138.4061279296875,129.58140563964844,263.9790954589844,115.7032241821289,70.31171417236328
2019-08-12,48.181819915771484,142.6300048828125,58.25721740722656,136.6142578125,127.77472686767578,260.7655944824219,118.11560821533203,70.1259536743164
2019-08-13,50.22223663330078,141.77999877929688,59.37602615356445,138.0845489501953,130.41888427734375,264.8209533691406,117.71076202392578,70.22657775878906
2019-08-14,48.72737503051758,142.75,57.740455627441406,134.22511291503906,126.49138641357422,256.9908447265625,120.36267852783203,69.1585464477539
2019-08-15,48.484642028808594,143.6999969482422,57.88774490356445,133.69215393066406,126.20819091796875,257.6697692871094,121.70109558105469,69.84734344482422
2019-08-16,49.62861251831055,142.77999877929688,58.400535583496094,136.57752990722656,128.52122497558594,261.4717102050781,120.72627258300781,70.56710052490234
2019-08-19,50.55390167236328,141.11000061035156,59.434547424316406,137.95587158203125,130.673828125,264.6219787597656,118.9995346069336,71.07789611816406
2019-08-20,50.556304931640625,142.2100067138672,58.652957916259766,137.05532836914062,129.58807373046875,262.59417724609375,120.23058319091797,70.57483673095703
2019-08-21,51.1042594909668,141.75999450683594,59.07747268676758,138.1855926513672,131.0325469970703,264.73046875,119.42916870117188,70.86894989013672
2019-08-22,51.06099319458008,141.39999389648438,58.992183685302734,137.86398315429688,130.07901000976562,264.64892578125,118.63602447509766,71.19397735595703
2019-08-23,48.700931549072266,144.1699981689453,57.09574508666992,133.6370086669922,125.93439483642578,257.8507995605469,120.58578491210938,70.19561004638672
2019-08-26,49.62621307373047,144.19000244140625,57.96858215332031,135.10726928710938,127.87921142578125,260.7023010253906,120.09837341308594,70.73735809326172
2019-08-27,49.06624221801758,145.57000732421875,57.91650390625,133.1040496826172,128.1530303955078,259.6794738769531,121.94893646240234,70.53614044189453
2019-08-28,49.3954963684082,145.16000366210938,58.07421112060547,134.656982421875,127.98307037353516,261.5079650878906,122.10582733154297,70.76832580566406
2019-08-29,50.231849670410156,144.1199951171875,59.15682601928711,137.0185546875,130.40000915527344,264.84820556640625,121.64322662353516,71.31784057617188
2019-08-30,50.166961669921875,143.75,58.921260833740234,136.7704620361328,130.15455627441406,264.73046875,121.67631530761719,71.37198638916016
2019-09-03,49.43635177612305,145.75,57.943790435791016,134.76724243164062,128.43626403808594,263.1826171875,121.83356475830078,72.08399963378906
2019-09-04,50.275108337402344,146.66000366210938,58.58948516845703,135.8515625,129.9373779296875,266.1697998046875,122.01560974121094,72.68766784667969
2019-09-05,51.25807571411133,143.13999938964844,60.07577896118164,138.37857055664062,132.22215270996094,269.59149169921875,119.80582427978516,72.16141510009766
2019-09-06,51.25325393676758,141.9199981689453,59.75590896606445,137.74447631835938,131.3252410888672,269.7996520996094,120.65833282470703,72.32392883300781
2019-09-09,51.47197341918945,141.38999938964844,59.7301139831543,139.59153747558594,129.83351135253906,269.9354553222656,118.51478576660156,71.97566223144531
2019-09-10,52.08000946044922,140.17999267578125,59.8089714050293,141.3742218017578,128.47406005859375,269.87213134765625,116.4374771118164,71.23268127441406
2019-09-11,53.735897064208984,141.02999877929688,60.51169967651367,144.26873779296875,128.51181030273438,271.79119873046875,116.23057556152344,71.31008911132812
2019-09-12,53.61573028564453,141.32000732421875,61.2099723815918,144.3054962158203,129.83351135253906,272.7326354980469,115.46918487548828,71.68929290771484
2019-09-13,52.572696685791016,140.14999389648438,61.47330856323242,144.55364990234375,129.6446990966797,272.5516052246094,113.00285339355469,70.9231185913086
2019-09-16,52.84906768798828,141.32000732421875,61.06367492675781,145.09579467773438,128.71006774902344,271.7098083496094,114.44290924072266,71.54225158691406
2019-09-17,53.04133224487305,141.60000610351562,60.95705032348633,144.71902465820312,129.71080017089844,272.3976745605469,115.06366729736328,72.31617736816406
2019-09-18,53.53882598876953,140.7100067138672,61.11872100830078,143.82769775390625,130.7776641845703,272.5606384277344,115.55194091796875,72.06853485107422
2019-09-19,53.103816986083984,141.27999877929688,61.431156158447266,143.1293182373047,133.1851043701172,272.54254150390625,115.89952850341797,72.32392883300781
2019-09-20,52.32754135131836,142.9499969482422,60.9957275390625,142.82606506347656,131.6461944580078,271.2548522949219,117.43065643310547,72.32392883300781
2019-09-23,52.56547164916992,143.75,61.199058532714844,142.71580505371094,131.3629913330078,271.1911315917969,117.40582275390625,72.44000244140625
2019-09-24,52.315521240234375,144.50999450683594,60.4417724609375,140.5616912841797,129.70132446289062,269.063232421875,118.8210220336914,72.279296875
2019-09-25,53.12064743041992,141.8300018310547,61.818477630615234,142.10169982910156,131.57069396972656,270.6545715332031,117.0829849243164,72.41973114013672
2019-09-26,52.84667205810547,141.7899932861328,61.56406021118164,140.515625,131.74063110351562,270.0908508300781,117.836181640625,73.02822875976562
2019-09-27,52.589515686035156,141.05999755859375,60.75570297241211,139.39056396484375,130.03182983398438,268.6357421875,118.12586975097656,72.62255859375
2019-09-30,53.82722091674805,138.8699951171875,60.45368194580078,139.5565185546875,131.25912475585938,269.88165283203125,118.41551971435547,72.74738311767578
2019-10-01,53.97623062133789,139.6300048828125,59.764339447021484,136.81781005859375,129.40869140625,266.6714172363281,118.77201843261719,72.06087493896484
2019-10-02,52.62316131591797,141.25999450683594,58.35243606567383,135.78504943847656,127.12395477294922,261.9607849121094,119.06217956542969,71.7566146850586
2019-10-03,53.070167541503906,141.89999389648438,58.907867431640625,136.23687744140625,128.662841796875,264.1069641113281,120.14827728271484,72.4509506225586
2019-10-04,54.557830810546875,141.89999389648438,59.9577522277832,137.52783203125,130.40000915527344,267.6806945800781,121.03538513183594,72.88780212402344
2019-10-07,54.569847106933594,140.69000244140625,59.89228439331055,137.28811645507812,129.45587158203125,266.5259704589844,120.03209686279297,72.7317886352539
2019-10-08,53.93056106567383,141.9199981689453,58.97234344482422,135.05653381347656,128.0869598388672,262.3881530761719,120.35550689697266,72.34952545166016
2019-10-09,54.5626335144043,142.0500030517578,59.625972747802734,135.67434692382812,130.51332092285156,264.8798522949219,119.6756820678711,72.48994445800781
2019-10-10,55.29804611206055,140.80999755859375,59.94137954711914,136.21839904785156,131.3252410888672,266.6714172363281,117.89317321777344,72.60696411132812
2019-10-11,56.768890380859375,140.02999877929688,60.27762222290039,138.52377319335938,131.87278747558594,269.4359436035156,116.43405151367188,72.57575988769531
2019-10-14,56.687171936035156,140.58999633789062,60.36143493652344,138.01657104492188,131.7500762939453,269.13592529296875,117.27970123291016,72.60696411132812
2019-10-15,56.55499267578125,139.61000061035156,61.6444091796875,139.60269165039062,133.6571807861328,271.8004455566406,115.8619384765625,72.7005844116211
2019-10-16,56.3266716003418,140.41000366210938,61.6756477355957,139.75021362304688,132.56204223632812,271.36395263671875,116.00289916992188,72.70838165283203
2019-10-17,56.545372009277344,140.61000061035156,62.14330291748047,141.40081787109375,131.88223266601562,272.16424560546875,115.72103118896484,73.18424987792969
2019-10-18,56.81694793701172,140.4600067138672,61.767398834228516,140.72767639160156,129.7296600341797,270.972900390625,115.72103118896484,73.7459716796875
2019-10-21,57.80232238769531,139.7899932861328,61.80012130737305,142.04635620117188,130.69265747070312,272.8098449707031,114.85053253173828,74.30767059326172
2019-10-22,57.670135498046875,140.1999969482422,61.63398742675781,142.20309448242188,128.747802734375,271.91876220703125,115.52208709716797,74.08921813964844
2019-10-23,58.44400405883789,140.52999877929688,62.443843841552734,142.3782958984375,129.5691680908203,272.7098693847656,115.63810729980469,74.2530288696289
2019-10-24,58.540130615234375,141.52999877929688,62.53608703613281,142.1754150390625,132.11825561523438,273.1554260253906,115.40596771240234,74.0658187866211
2019-10-25,59.261138916015625,141.86000061035156,62.74140548706055,142.93161010742188,132.8641357421875,274.2740478515625,114.8421859741211,73.43390655517578
2019-10-28,59.85475540161133,140.63999938964844,63.97477340698242,144.16725158691406,136.13072204589844,275.8199768066406,113.79759216308594,72.98921966552734
2019-10-29,58.47043991088867,140.25,62.61692428588867,144.63754272460938,134.84674072265625,275.7381896972656,113.87220001220703,73.43390655517578
2019-10-30,58.463233947753906,141.02000427246094,62.55095291137695,144.15805053710938,136.5272674560547,276.58392333984375,115.53862762451172,73.69914245605469
2019-10-31,59.78506088256836,142.42999267578125,62.4924430847168,143.34652709960938,135.35653686523438,275.8472595214844,117.09730529785156,73.56654357910156
2019-11-01,61.48180389404297,142.55999755859375,63.168392181396484,145.79022216796875,135.68698120117188,278.40264892578125,116.73682403564453,73.55093383789062
2019-11-04,61.885555267333984,142.14999389648438,64.04269409179688,146.5740509033203,136.47059631347656,279.5211486816406,115.20040893554688,73.03604125976562
2019-11-05,61.79663848876953,139.85000610351562,64.07543182373047,146.75845336914062,136.38563537597656,279.2119140625,113.9047622680664,71.7956314086914
2019-11-06,61.82308578491211,140.4499969482422,64.06403350830078,145.91015625,136.00796508789062,279.275634765625,114.59406280517578,71.95164489746094
2019-11-07,62.53658676147461,138.27000427246094,64.91010284423828,146.29737854003906,136.19680786132812,280.2579040527344,112.5177993774414,71.23392486572266
2019-11-08,62.70775604248047,137.38999938964844,65.03455352783203,146.6938934326172,137.80181884765625,280.948974609375,112.04443359375,71.06229400634766
2019-11-11,63.20431137084961,137.05999755859375,64.43052673339844,146.41729736328125,137.9434051513672,280.41241455078125,112.11920928955078,71.21833038330078
2019-11-12,63.146461486816406,137.42999267578125,64.41119384765625,146.46339416503906,138.84974670410156,281.0035095214844,112.63407897949219,70.68003845214844
2019-11-13,63.751502990722656,137.97999572753906,64.37152099609375,145.83631896972656,139.07632446289062,281.0944519042969,113.3649673461914,71.32755279541016
2019-11-14,63.31038284301758,138.55999755859375,65.0390396118164,145.79022216796875,139.78443908691406,281.5036926269531,114.53601837158203,71.88143157958984
2019-11-15,64.06245422363281,138.2100067138672,66.20000457763672,146.54637145996094,141.58763122558594,283.5408020019531,114.41139221191406,72.27151489257812
2019-11-18,64.38548278808594,138.6199951171875,65.49728393554688,146.17755126953125,141.93699645996094,283.74993896484375,114.61902618408203,72.62255859375
2019-11-19,64.19023132324219,138.69000244140625,65.23741149902344,146.7215576171875,141.9841766357422,283.6680603027344,115.57411193847656,72.74738311767578
2019-11-20,63.44295120239258,138.75999450683594,64.62195587158203,146.16830444335938,141.73785400390625,282.61322021484375,116.77007293701172,72.70838165283203
2019-11-21,63.15852355957031,138.0,64.53764343261719,145.4490509033203,141.60525512695312,282.1585388183594,116.03926086425781,71.6864013671875
2019-11-22,63.10306930541992,137.74000549316406,64.23959350585938,145.9009246826172,141.70944213867188,282.7859802246094,116.18868255615234,71.42117309570312
2019-11-25,64.2094955444336,137.0800018310547,64.80247497558594,148.999267578125,143.26303100585938,284.9776916503906,116.52919006347656,71.64739990234375
2019-11-26,63.708133697509766,137.74000549316406,65.14266967773438,149.10072326660156,144.0209503173828,285.6232604980469,117.21025085449219,72.59916687011719
2019-11-27,64.5638656616211,137.00999450683594,65.11490631103516,150.15194702148438,144.295654296875,286.8963928222656,116.86970520019531,72.9424057006836
2019-11-29,64.42163848876953,137.86000061035156,64.71668243408203,149.17446899414062,143.40513610839844,285.8324890136719,116.62057495117188,72.60696411132812
2019-12-02,63.67677307128906,137.7899932861328,63.97079849243164,147.7174835205078,141.67156982421875,283.40435791015625,115.065673828125,71.50699615478516
2019-12-03,62.541412353515625,139.11000061035156,64.23661804199219,147.24717712402344,141.44422912597656,281.5036926269531,117.47832489013672,71.96725463867188
2019-12-04,63.09342575073242,138.9199981689453,65.48932647705078,148.2615509033203,141.9557647705078,283.2406921386719,116.30522155761719,72.26371002197266
2019-12-05,64.01907348632812,139.0,65.8657455444336,148.40908813476562,142.03155517578125,283.74993896484375,115.73949432373047,72.3027114868164
2019-12-06,65.25566864013672,137.6199951171875,66.48514556884766,150.14273071289062,143.75570678710938,286.3416748046875,115.09895324707031,72.4509506225586
2019-12-09,64.34210205078125,137.5800018310547,66.63096618652344,149.8568115234375,143.38621520996094,285.44146728515625,115.34854125976562,72.59135437011719
2019-12-10,64.7181167602539,137.97000122070312,66.6855239868164,149.94908142089844,143.16835021972656,285.1230773925781,115.35684204101562,72.17008972167969
2019-12-11,65.27013397216797,138.9199981689453,66.703369140625,149.90292358398438,143.70828247070312,285.93243408203125,116.26365661621094,71.43677520751953
2019-12-12,65.43647766113281,138.42999267578125,66.96372985839844,151.1939697265625,145.1671905517578,288.39697265625,114.35021209716797,70.46941375732422
2019-12-13,66.32594299316406,139.0500030517578,66.84272766113281,150.61302185058594,146.3892364501953,288.5697021484375,115.67301940917969,70.48500061035156
2019-12-16,67.46131896972656,139.0399932861328,67.50428771972656,151.67459106445312,147.3365478515625,290.55218505859375,114.63304138183594,70.99209594726562
2019-12-17,67.59390258789062,139.00999450683594,67.2042465209961,152.43353271484375,146.54080200195312,290.6158447265625,114.47500610351562,70.32117462158203
2019-12-18,67.43241882324219,139.02000427246094,67.08027648925781,152.72967529296875,146.2376708984375,290.6340026855469,113.5348892211914,71.17827606201172
2019-12-19,67.49990844726562,139.3800048828125,67.24988555908203,153.38682556152344,147.507080078125,291.82537841796875,113.71652221679688,71.80907440185547
2019-12-20,67.36006927490234,139.52000427246094,66.93000793457031,153.60891723632812,149.1175079345703,293.104736328125,113.86650848388672,72.20333862304688
2019-12-23,68.45926666259766,139.9499969482422,66.89281463623047,153.9143829345703,149.1175079345703,293.55255126953125,113.69990539550781,71.84062194824219
2019-12-24,68.52436828613281,141.27000427246094,66.63096618652344,154.26605224609375,149.08908081054688,293.5617370605469,114.02485656738281,72.02986145019531
2019-12-26,69.8839340209961,142.3800048828125,67.46611022949219,154.26605224609375,150.31112670898438,295.1243896484375,114.2998275756836,72.34526062011719
2019-12-27,69.85738372802734,142.3300018310547,67.04407501220703,153.5071563720703,150.58583068847656,295.0513000488281,114.42486572265625,72.57392883300781
2019-12-30,70.2719955444336,142.6300048828125,66.26299285888672,153.11843872070312,149.2880401611328,293.4245910644531,114.00819396972656,72.64490509033203
2019-12-31,70.78546142578125,142.89999389648438,66.3066177368164,153.33126831054688,149.3922119140625,294.1374816894531,112.89156341552734,73.16531372070312
2020-01-02,72.4005355834961,143.9499969482422,67.811767578125,153.43307495117188,152.158447265625,296.88818359375,114.1665267944336,72.30583190917969
2020-01-03,71.69664764404297,145.86000061035156,67.47901153564453,152.83155822753906,150.26373291015625,294.6400451660156,115.92465209960938,72.75527954101562
2020-01-06,72.26795959472656,147.38999938964844,69.1428451538086,153.0351104736328,150.6521759033203,295.7641906738281,115.26651763916016,72.84203338623047
2020-01-07,71.92804718017578,147.97000122070312,69.09971618652344,152.52610778808594,149.27850341796875,294.93255615234375,114.69977569580078,72.02986145019531
2020-01-08,73.0851058959961,146.86000061035156,69.64421844482422,152.99806213378906,151.6563262939453,296.50445556640625,113.94154357910156,72.25064086914062
2020-01-09,74.63750457763672,146.02999877929688,70.41340637207031,153.18319702148438,153.55101013183594,298.5148620605469,114.34150695800781,72.21121215820312
2020-01-10,74.80624389648438,146.91000366210938,70.90438079833984,152.609375,152.84046936035156,297.6558837890625,115.35809326171875,72.76317596435547
2020-01-13,76.40441131591797,145.82000732421875,71.3755111694336,153.5996551513672,154.6782684326172,299.7028503417969,115.00816345214844,73.63841247558594
2020-01-14,75.37269592285156,145.69000244140625,70.96141815185547,154.1642303466797,153.58885192871094,299.2460021972656,115.5997314453125,73.36244201660156
2020-01-15,75.04969787597656,146.5399932861328,71.3740234375,154.90464782714844,154.58352661132812,299.9222412109375,116.36638641357422,74.02478790283203
2020-01-16,75.98979187011719,146.30999755859375,71.99392700195312,156.90380859375,157.41604614257812,302.4170227050781,115.99971008300781,74.61616516113281
2020-01-17,76.83110809326172,146.5800018310547,73.416748046875,156.47805786132812,158.29702758789062,303.3583679199219,115.00816345214844,74.68714141845703
2020-01-21,76.31040954589844,146.74000549316406,73.61561584472656,155.18231201171875,157.72862243652344,302.76434326171875,116.21635437011719,75.39677429199219
2020-01-22,76.58280944824219,146.7899932861328,73.69249725341797,155.0804901123047,156.97073364257812,302.8009338378906,116.6247329711914,74.89213562011719
2020-01-23,76.95160675048828,147.1199951171875,73.72720336914062,154.97872924804688,157.93702697753906,303.14813232421875,117.4412612915039,75.52293395996094
2020-01-24,76.72985076904297,147.97999572753906,72.73832702636719,153.07215881347656,156.3455352783203,300.4522399902344,118.3912124633789,75.26272583007812
2020-01-27,74.47357177734375,148.99000549316406,71.1111831665039,151.3321533203125,153.73095703125,295.63616943359375,120.2326889038086,74.9000244140625
2020-01-28,76.58038330078125,147.66000366210938,72.03658294677734,152.5908660888672,156.74343872070312,298.73419189453125,119.29109954833984,75.19966125488281
2020-01-29,78.18341064453125,148.4600067138672,72.33761596679688,151.7208709716797,159.1875,298.4874572753906,120.457763671875,74.9236831665039
2020-01-30,78.07010650634766,148.47000122070312,72.19924926757812,151.7208709716797,163.6777801513672,299.4561462402344,120.47437286376953,74.9788589477539
2020-01-31,74.60857391357422,149.3300018310547,71.12754821777344,148.57408142089844,161.2621307373047,294.0186462402344,121.57427215576172,74.064208984375
2020-02-03,74.40367889404297,148.36000061035156,73.6919937133789,150.23080444335938,165.19351196289062,296.2027587890625,121.4758071899414,74.30864715576172
2020-02-04,76.86001586914062,146.42999267578125,71.76431274414062,152.49832153320312,170.631103515625,300.7172546386719,119.83988952636719,75.073486328125
2020-02-05,77.48677062988281,146.61000061035156,71.82184600830078,154.84913635253906,170.4227294921875,304.18994140625,118.52949523925781,75.12080383300781
2020-02-06,78.39309692382812,147.39999389648438,73.21044921875,154.49742126464844,173.95623779296875,305.2135314941406,119.06364440917969,75.37313079833984
2020-02-07,77.3275375366211,147.7899932861328,73.35922241210938,152.6001434326172,174.2025146484375,303.5868225097656,120.54933166503906,75.35737609863281
2020-02-10,77.69479370117188,148.1699981689453,74.81973266601562,153.46083068847656,178.7591094970703,305.8531494140625,120.88318634033203,76.20105743408203
2020-02-11,77.22605895996094,147.66000366210938,74.8251953125,154.52520751953125,174.72357177734375,306.3833312988281,120.27391815185547,76.77667999267578
2020-02-12,79.06000518798828,147.5399932861328,75.29532623291016,155.5895538330078,174.9793243408203,308.35723876953125,119.66458892822266,77.2339859008789
2020-02-13,78.49700164794922,148.3800048828125,75.1163101196289,155.99679565429688,174.0320281982422,308.0282287597656,120.1236572265625,77.69920349121094
2020-02-14,78.5163345336914,149.0,75.41783905029297,155.39515686035156,175.58558654785156,308.521728515625,120.64949798583984,78.50348663330078
2020-02-18,77.07865905761719,150.91000366210938,75.36476135253906,155.06202697753906,177.36654663085938,307.7266540527344,121.4758071899414,78.416748046875
2020-02-19,78.1949691772461,151.7899932861328,75.71290588378906,155.85794067382812,177.8985137939453,309.197998046875,121.46745300292969,77.36015319824219
2020-02-20,77.39278411865234,152.41000366210938,75.28939056396484,156.23741149902344,175.18177795410156,307.9277038574219,122.4189682006836,78.28269958496094
2020-02-21,75.64098358154297,154.6999969482422,73.65083312988281,154.6547393798828,169.64382934570312,304.7566223144531,123.56246948242188,78.5113525390625
2020-02-24,72.04801940917969,156.08999633789062,70.50067901611328,149.9994354248047,162.32955932617188,294.64923095703125,125.4070053100586,77.43901062011719
2020-02-25,69.60758972167969,153.3000030517578,68.857177734375,144.6683349609375,159.65084838867188,285.720703125,126.07477569580078,75.34158325195312
2020-02-26,70.71182250976562,153.97000122070312,69.09175872802734,142.9931640625,161.64561462402344,284.6697692871094,125.4070053100586,74.5294189453125
2020-02-27,66.08950805664062,154.0,65.36783599853516,137.9583740234375,150.25619506835938,271.8847961425781,126.76754760742188,70.563232421875
2020-02-28,66.05085754394531,148.3800048828125,66.42118072509766,135.4316864013672,153.89434814453125,270.7424011230469,129.6304473876953,68.8600845336914
2020-03-02,72.20023345947266,149.1999969482422,68.8899154663086,139.78160095214844,164.1343994140625,282.46734619140625,128.67665100097656,71.80120849609375
2020-03-03,69.9072036743164,153.88999938964844,66.52336883544922,136.93106079101562,156.2690887451172,274.3796081542969,130.67445373535156,71.6356201171875
2020-03-04,73.14984130859375,154.16000366210938,68.76146697998047,140.8274688720703,162.00657653808594,285.9126281738281,129.2868194580078,74.34017944335938
2020-03-05,70.7770767211914,157.49000549316406,65.41494750976562,136.34793090820312,157.9409637451172,276.408447265625,132.5050048828125,72.74740600585938
2020-03-06,69.83712768554688,157.5500030517578,64.391845703125,133.64541625976562,153.4763946533203,271.83905029296875,139.4010772705078,71.49369049072266
2020-03-09,64.31356048583984,157.80999755859375,60.283077239990234,120.65108489990234,143.07493591308594,250.60997009277344,143.17929077148438,65.98202514648438
2020-03-10,68.945556640625,154.47999572753906,63.4981803894043,124.41793060302734,152.8589324951172,263.5777282714844,135.84024047851562,68.76969146728516
2020-03-11,66.55104064941406,153.92999267578125,60.275638580322266,116.5047607421875,145.93417358398438,250.72879028320312,130.8415985107422,64.63746643066406
2020-03-12,59.97879409790039,147.7899932861328,55.29156494140625,103.63072204589844,132.09402465820312,226.73971557617188,131.6524658203125,58.0894889831543
2020-03-13,67.16475677490234,143.27999877929688,60.48988342285156,110.5721664428711,150.87367248535156,246.1228485107422,128.67665100097656,63.159427642822266
2020-03-16,58.52421951293945,141.63999938964844,53.77500915527344,95.90263366699219,128.6363525390625,219.19117736816406,137.01046752929688,51.96267318725586
2020-03-17,61.097530364990234,143.55999755859375,55.5340690612793,100.29885864257812,139.22779846191406,231.02574157714844,127.87419128417969,54.96649932861328
2020-03-18,59.60186767578125,140.6999969482422,54.3934326171875,92.52445220947266,133.3668975830078,219.32823181152344,120.66053009033203,49.737632751464844
2020-03-19,59.14518737792969,138.0399932861328,55.31040573120117,96.13401794433594,135.5611572265625,219.79429626464844,123.94548034667969,49.91246032714844
2020-03-20,55.39031982421875,140.11000061035156,53.17940139770508,93.84796905517578,130.46969604492188,210.3224639892578,133.2656707763672,47.42518997192383
2020-03-23,54.21360778808594,146.3000030517578,52.40079879760742,92.4596939086914,129.16830444335938,204.9448699951172,138.75753784179688,45.22398376464844
2020-03-24,59.65260314941406,153.39999389648438,56.2610969543457,100.91897583007812,140.9091339111328,223.5135498046875,136.17462158203125,49.29262924194336
2020-03-25,59.324005126953125,151.3000030517578,54.67561340332031,102.17323303222656,139.56027221679688,226.85955810546875,135.86534118652344,51.9467887878418
2020-03-26,62.44580078125,153.24000549316406,57.6144905090332,108.52828979492188,148.28994750976562,240.10585021972656,136.5340118408203,55.61017990112305
2020-03-27,59.860416412353516,152.25,55.08326721191406,104.57962036132812,142.2010498046875,232.9541778564453,140.17843627929688,55.665802001953125
2020-03-30,61.568702697753906,152.9199981689453,56.87406539916992,106.8837890625,152.20350646972656,240.51956176757812,139.0249786376953,56.88161849975586
2020-03-31,61.44305419921875,148.0500030517578,57.667057037353516,106.34489440917969,149.8097381591797,236.93447875976562,137.896484375,55.50686264038086
2020-04-01,58.210105895996094,149.4499969482422,54.830841064453125,99.0979232788086,144.4903106689453,226.27125549316406,139.82850646972656,51.859371185302734
2020-04-02,59.18143844604492,151.89999389648438,55.58564376831055,100.03628540039062,147.48252868652344,231.49258422851562,140.71583557128906,52.03420639038086
2020-04-03,58.3309211730957,152.64999389648438,54.44699478149414,97.20255279541016,146.12411499023438,228.1465301513672,141.05068969726562,51.279273986816406
2020-04-06,63.41956329345703,156.8800048828125,58.86273956298828,104.64464569091797,156.99110412597656,243.4702606201172,140.682373046875,55.07773208618164
2020-04-07,62.68500900268555,156.0399932861328,58.842411041259766,104.91407775878906,155.30023193359375,243.718505859375,139.20904541015625,55.5863037109375
2020-04-08,64.28942108154297,154.64999389648438,60.0212287902832,109.69896697998047,156.85806274414062,251.89967346191406,138.19615173339844,59.3768310546875
2020-04-09,64.75333404541016,158.69000244140625,60.07925033569336,114.94837188720703,156.86761474609375,255.7329559326172,138.4473419189453,62.70645523071289
2020-04-13,66.02427673339844,161.41000366210938,60.38226318359375,111.83588409423828,157.2190704345703,253.3980712890625,137.18333435058594,60.06818771362305
2020-04-14,69.35871124267578,162.67999267578125,62.94472122192383,114.10289001464844,164.9987335205078,260.8714904785156,137.14976501464844,61.75286865234375
2020-04-15,68.72564697265625,161.85000610351562,62.609474182128906,109.44808959960938,163.26995849609375,255.32839965820312,140.7827606201172,59.305320739746094
2020-04-16,69.27173614501953,161.7100067138672,62.65907287597656,108.62120056152344,168.17141723632812,256.56024169921875,142.38168334960938,58.629878997802734
2020-04-17,68.3318099975586,158.57000732421875,63.6400260925293,113.40605163574219,169.6533203125,263.4913635253906,140.4730987548828,60.48142623901367
2020-04-20,66.91346740722656,159.6999969482422,62.81479263305664,112.06816864013672,166.29067993164062,258.8492126464844,141.60316467285156,58.232547760009766
2020-04-21,64.84514617919922,158.61000061035156,60.32176208496094,109.39234924316406,159.41331481933594,250.98977661132812,143.3861541748047,57.175636291503906
2020-04-22,66.7129135131836,161.72999572753906,62.64617919921875,110.720947265625,164.8278045654297,256.56024169921875,141.9212646484375,58.04976272583008
2020-04-23,66.45438385009766,163.33999633789062,63.29584503173828,111.80801391601562,162.8330078125,256.5418701171875,142.67466735839844,57.56501770019531
2020-04-24,68.37287139892578,162.63999938964844,63.44462203979492,113.73123931884766,165.80618286132812,260.1177062988281,143.00950622558594,57.811370849609375
2020-04-27,68.42121124267578,161.55999755859375,63.274513244628906,118.23739624023438,165.3312530517578,263.8681945800781,140.3475341796875,59.790061950683594
2020-04-28,67.31214141845703,160.83999633789062,61.18120193481445,119.95622253417969,161.3036651611328,262.6547546386719,141.9632110595703,60.28274154663086
2020-04-29,69.52301025390625,161.72999572753906,66.52780151367188,125.85600280761719,168.54196166992188,269.53076171875,141.22654724121094,61.18865203857422
2020-04-30,70.98969268798828,158.8000030517578,66.8838882446289,121.07113647460938,170.23275756835938,267.021240234375,139.57733154296875,60.48142623901367
2020-05-01,69.84681701660156,159.77999877929688,65.49280548095703,116.26768493652344,165.8251953125,259.9523010253906,140.77261352539062,58.43914794921875
2020-05-04,70.83505249023438,160.33999633789062,65.7997817993164,116.7694091796875,169.8812713623047,260.6693115234375,140.11044311523438,58.15306854248047
2020-05-05,71.89820098876953,161.02000427246094,67.00537872314453,117.67064666748047,171.7051239013672,263.0777282714844,139.21356201171875,58.43914794921875
2020-05-06,72.6400146484375,158.9499969482422,66.81644439697266,116.80658721923828,173.39596557617188,261.29437255859375,136.96730041503906,57.390201568603516
2020-05-07,73.39144897460938,161.38999938964844,68.06916809082031,118.40462493896484,174.4028778076172,264.4474182128906,139.25546264648438,58.20868682861328
2020-05-08,75.1382827758789,160.4199981689453,68.85324096679688,122.97581481933594,175.42868041992188,268.8229064941406,137.44497680664062,59.59138870239258
2020-05-11,76.32063293457031,159.4199981689453,69.59165954589844,122.36259460449219,177.38555908203125,268.8780822753906,136.37216186523438,58.72521209716797
2020-05-12,75.44842529296875,160.0399932861328,68.22686004638672,117.96793365478516,173.36744689941406,263.5189514160156,137.77194213867188,56.055171966552734
2020-05-13,74.53741455078125,161.5800018310547,66.91712188720703,114.0192642211914,170.74569702148438,258.85845947265625,138.73577880859375,54.696319580078125
2020-05-14,74.995361328125,163.00999450683594,67.25434875488281,114.39090728759766,171.48663330078125,261.9562072753906,140.09368896484375,54.887027740478516
2020-05-15,74.55197143554688,163.92999267578125,68.10040283203125,116.21195983886719,173.98487854003906,263.1604309082031,139.73321533203125,54.6724739074707
2020-05-18,76.30851745605469,162.69000244140625,68.6335220336914,123.27310943603516,175.6472625732422,271.1763000488281,136.66551208496094,57.90673065185547
2020-05-19,75.8675765991211,164.25999450683594,68.11502838134766,120.83885192871094,174.43133544921875,268.39093017578125,137.17681884765625,57.12796401977539
2020-05-20,77.3430404663086,164.64999389648438,69.76325225830078,124.49948120117188,176.850830078125,272.95037841796875,137.58753967285156,57.63654708862305
2020-05-21,76.76641845703125,162.25,69.56883239746094,124.72254180908203,174.72665405273438,271.06591796875,137.93121337890625,57.68421936035156
2020-05-22,77.26067352294922,163.2100067138672,69.94673919677734,125.32645416259766,174.8028564453125,271.5806884765625,138.760986328125,58.46299362182617
2020-05-26,76.7373275756836,160.88999938964844,70.2740478515625,128.94064331054688,172.9549102783203,274.9267272949219,136.9001922607422,60.6483039855957
2020-05-27,77.07169342041016,161.17999267578125,70.31471252441406,132.945068359375,173.18348693847656,279.0173645019531,136.6487274169922,61.85616683959961
2020-05-28,77.1056137084961,161.72000122070312,70.2596664428711,129.79542541503906,172.79298400878906,278.5025939941406,136.1459197998047,62.15019607543945
2020-05-29,77.03050231933594,162.91000366210938,70.86421203613281,129.0521240234375,174.55517578125,279.7435607910156,137.11814880371094,61.53037643432617
2020-06-01,77.97781372070312,163.66000366210938,71.0080337524414,130.28782653808594,174.1551513671875,280.87420654296875,136.19497680664062,62.95280838012695
2020-06-02,78.33882141113281,162.60000610351562,71.37500762939453,131.3656005859375,176.1364288330078,283.1998291015625,135.69981384277344,63.46136474609375
2020-06-03,78.77006530761719,159.60000610351562,71.23417663574219,134.53382873535156,176.56507873535156,286.9687805175781,133.89544677734375,65.49571228027344
2020-06-04,78.0916976928711,161.27999877929688,70.03401184082031,134.33868408203125,174.2408447265625,286.2149963378906,131.956787109375,64.84408569335938
2020-06-05,80.31583404541016,158.00999450683594,71.33384704589844,139.53237915039062,178.31776428222656,293.5505676269531,131.01675415039062,67.2995834350586
2020-06-08,80.79068756103516,159.72000122070312,71.74150848388672,142.2360382080078,179.4227294921875,297.0987854003906,131.52029418945312,68.9683609008789
2020-06-09,83.34188842773438,161.25999450683594,72.21511840820312,139.60670471191406,180.79441833496094,294.8834533691406,133.01422119140625,67.82404327392578
2020-06-10,85.48607635498047,163.57000732421875,72.6956787109375,135.8159637451172,187.50038146972656,293.23809814453125,134.9864044189453,66.09963989257812
2020-06-11,81.3818588256836,162.38999938964844,69.62042236328125,125.45647430419922,177.43190002441406,276.3331604003906,137.537841796875,61.85616683959961
2020-06-12,82.0844497680664,162.6199951171875,70.0836181640625,128.466796875,178.83212280273438,279.6424865722656,136.2118377685547,64.0732650756836
2020-06-15,83.09961700439453,162.3300018310547,70.41439819335938,131.4368896484375,179.97525024414062,282.2530212402344,136.2873077392578,64.97916412353516
2020-06-16,85.30192565917969,162.25,71.54859161376953,134.59722900390625,184.3855438232422,287.6857604980469,134.19752502441406,66.25857543945312
2020-06-17,85.1832275390625,162.55999755859375,71.96516418457031,132.1640625,185.02369689941406,286.49078369140625,134.75146484375,65.29703521728516
2020-06-18,85.21713256835938,162.24000549316406,71.21332550048828,132.11746215820312,187.00503540039062,286.60113525390625,136.17813110351562,64.58184051513672
2020-06-19,84.73017883300781,164.02999877929688,71.0030746459961,131.4368896484375,185.89053344726562,284.96319580078125,136.2873077392578,63.644134521484375
2020-06-22,86.94701385498047,165.08999633789062,72.00188446044922,132.75140380859375,191.05335998535156,286.7912902832031,136.3040313720703,63.58057403564453
2020-06-23,88.80289459228516,166.47999572753906,72.6242446899414,133.31072998046875,192.32980346679688,288.111572265625,135.3724822998047,63.31835174560547
2020-06-24,87.23533630371094,165.89999389648438,71.01547241210938,128.98513793945312,188.4529266357422,280.7621765136719,136.8243865966797,61.51448440551758
2020-06-25,88.3934326171875,165.8000030517578,71.47964477539062,130.93348693847656,190.83433532714844,283.7721862792969,137.21884155273438,62.30013656616211
2020-06-26,85.67747497558594,166.5399932861328,67.44132232666016,127.40962982177734,187.01454162597656,277.0320739746094,138.6876220703125,61.10437774658203
2020-06-29,87.65206146240234,166.6300048828125,69.18053436279297,131.57675170898438,189.0244598388672,281.10382080078125,138.25115966796875,62.284088134765625
2020-06-30,88.38372802734375,167.3699951171875,70.10494995117188,133.47853088378906,193.85391235351562,284.70465087890625,137.57977294921875,63.02241134643555
2020-07-01,88.21656799316406,166.6199951171875,71.31649780273438,132.210693359375,194.98739624023438,286.6990051269531,137.3125457763672,64.47498321533203
2020-07-02,88.21656799316406,166.97999572753906,72.63864135742188,132.75140380859375,196.47341918945312,288.2778015136719,137.45538330078125,64.29041290283203
2020-07-06,90.57638549804688,167.97999572753906,74.17601776123047,133.7115936279297,200.70277404785156,292.72796630859375,136.89242553710938,64.25831604003906
2020-07-07,90.29532623291016,169.0399932861328,73.654296875,131.3436737060547,198.36895751953125,289.7088928222656,138.81668090820312,62.982295989990234
2020-07-08,92.39830780029297,170.08999633789062,74.19090270996094,132.32254028320312,202.73165893554688,291.9247131347656,138.26205444335938,62.894004821777344
2020-07-09,92.795654296875,169.6300048828125,74.93428802490234,129.64700317382812,204.15101623535156,290.26287841796875,140.4634246826172,62.50077438354492
2020-07-10,92.95799255371094,169.19000244140625,76.45927429199219,131.73521423339844,203.5318145751953,293.2266540527344,139.75767517089844,62.693397521972656
2020-07-13,92.5291519165039,169.39999389648438,74.95165252685547,130.06651306152344,197.2449493408203,290.6876220703125,140.21978759765625,61.9470329284668
2020-07-14,94.06034851074219,170.19000244140625,75.40989685058594,132.22000122070312,198.46424865722656,294.45458984375,140.4214630126953,62.46868133544922
2020-07-15,94.70722961425781,170.33999633789062,75.06571197509766,137.06765747070312,198.16891479492188,297.1598205566406,139.76608276367188,63.07859420776367
2020-07-16,93.5418930053711,168.72999572753906,75.28193664550781,136.25662231445312,194.2444305419922,296.1811828613281,140.4298553466797,62.32422637939453
2020-07-17,93.35289764404297,170.1199951171875,75.16043090820312,136.65748596191406,193.25376892089844,297.039794921875,140.13584899902344,63.134765625
2020-07-20,95.3202133178711,170.94000244140625,77.64851379394531,136.0701904296875,201.56004333496094,299.4403076171875,140.48025512695312,62.38040542602539
2020-07-21,94.00465393066406,173.0,77.28648376464844,137.99990844726562,198.8452911376953,300.0775146484375,140.56431579589844,62.53287887573242
2020-07-22,94.26872253417969,175.6300048828125,77.78588104248047,138.0745086669922,201.7029571533203,301.7855224609375,140.984375,63.487884521484375
2020-07-23,89.9779281616211,177.17999267578125,75.1668701171875,138.21432495117188,192.92990112304688,298.1846008300781,142.63128662109375,63.22304153442383
2020-07-24,89.75505828857422,178.6999969482422,74.97793579101562,136.1820526123047,191.7487335205078,296.2642822265625,142.62289428710938,62.757572174072266
2020-07-27,91.88227081298828,182.22999572753906,75.88697052001953,137.5989990234375,194.177734375,298.4246826171875,142.09353637695312,63.35146713256836
2020-07-28,90.37287139892578,183.75,74.40612030029297,136.2286376953125,192.4345703125,296.5320129394531,143.0765838623047,64.61141204833984
2020-07-29,92.10516357421875,185.1300048828125,75.4813003540039,139.23048400878906,194.37782287597656,300.1789855957031,142.83294677734375,65.86336517333984
2020-07-30,93.21964263916016,183.75999450683594,75.94896697998047,138.68045043945312,194.2254180908203,299.10791015625,143.77407836914062,65.43802642822266
2020-07-31,102.97869873046875,185.42999267578125,73.54420471191406,137.37533569335938,195.28268432617188,301.4714660644531,143.68153381347656,65.3176498413086
2020-08-03,105.57350158691406,185.63999938964844,73.12217712402344,139.61265563964844,206.2656707763672,303.56744384765625,142.9581756591797,64.4509048461914
2020-08-04,106.27853393554688,189.58999633789062,72.65203094482422,140.5728759765625,203.16986083984375,304.7399597167969,144.32093811035156,65.41395568847656
2020-08-05,106.66378021240234,191.35000610351562,73.08052062988281,143.36962890625,202.8364715576172,306.6326904296875,143.0591583251953,65.08491516113281
2020-08-06,110.38516235351562,193.88999938964844,74.39421844482422,143.31369018554688,206.08468627929688,308.68243408203125,143.85826110839844,65.18924713134766
2020-08-07,107.87549591064453,190.80999755859375,74.11600494384766,145.58837890625,202.39828491210938,308.9039611816406,142.89932250976562,66.12016296386719
2020-08-10,109.4434585571289,190.14999389648438,74.19586181640625,147.09860229492188,198.36895751953125,309.8272705078125,142.26002502441406,66.22451782226562
2020-08-11,106.1886215209961,179.94000244140625,73.41329193115234,146.25027465820312,193.73008728027344,307.269775390625,140.56927490234375,65.2695083618164
2020-08-12,109.71772003173828,179.10000610351562,74.71758270263672,146.84693908691406,199.264404296875,311.55389404296875,139.29066467285156,65.92756652832031
2020-08-13,111.65945434570312,183.3300018310547,75.30426025390625,146.5392608642578,198.79762268066406,310.9905700683594,137.80181884765625,65.11701965332031
2020-08-14,111.55994415283203,182.5399932861328,74.77261352539062,146.44601440429688,198.98817443847656,310.9999084472656,137.26341247558594,65.12503814697266
2020-08-17,111.26868438720703,186.5,75.28093719482422,147.20118713378906,200.3026885986328,311.98779296875,137.6083221435547,65.65471649169922
2020-08-18,112.19583892822266,188.17999267578125,77.29541015625,145.79345703125,201.4552459716797,312.66168212890625,138.5924530029297,65.34173583984375
2020-08-19,112.33662414550781,182.24000549316406,76.74642181396484,145.80276489257812,200.23304748535156,311.3599548339844,137.72605895996094,64.19410705566406
2020-08-20,114.82931518554688,183.5,78.4434814453125,145.2061767578125,204.89276123046875,312.3293762207031,138.9710693359375,64.80403137207031
2020-08-21,120.74677276611328,182.02999877929688,78.37753295898438,144.13406372070312,203.4031524658203,313.4373779296875,139.8038330078125,64.90834045410156
2020-08-24,122.19091796875,181.0,78.76336669921875,145.6443328857422,204.04295349121094,316.6134338378906,139.5766143798828,65.32568359375
2020-08-25,121.18851470947266,181.22000122070312,79.75621795654297,145.80276489257812,206.69741821289062,317.721435546875,138.50839233398438,65.49421691894531
2020-08-26,122.83656311035156,183.36000061035156,81.94622039794922,144.8892059326172,211.16610717773438,320.9067077636719,137.9784393310547,64.89228820800781
2020-08-27,121.36811828613281,181.24000549316406,81.05107879638672,145.24342346191406,216.3509979248047,321.60845947265625,135.63156127929688,65.8473129272461
2020-08-28,121.17152404785156,184.38999938964844,81.55096435546875,146.47396850585938,218.57582092285156,323.6857604980469,135.53057861328125,66.28067016601562
2020-08-31,125.28070068359375,184.8300018310547,81.04363250732422,144.8985137939453,215.34844970703125,322.5132141113281,136.43064880371094,65.6065673828125
2020-09-01,130.27098083496094,185.0500030517578,82.35932922363281,146.55792236328125,217.00982666015625,325.55084228515625,137.9911346435547,65.65471649169922
2020-09-02,127.57193756103516,182.6199951171875,85.7103271484375,147.72323608398438,221.19210815429688,330.2596740722656,139.30487060546875,66.87454223632812
2020-09-03,117.35843658447266,181.13999938964844,81.42352294921875,143.3603057861328,207.48992919921875,318.89398193359375,139.7006072998047,66.07200622558594
2020-09-04,117.43609619140625,181.63999938964844,78.90420532226562,142.44671630859375,204.57762145996094,316.2903137207031,137.0479736328125,65.72692108154297
2020-09-08,109.53325653076172,181.2899932861328,75.99557495117188,139.70590209960938,193.51087951660156,307.6483154296875,137.88999938964844,64.92439270019531
2020-09-09,113.90215301513672,183.0500030517578,77.21408081054688,141.8220977783203,201.75120544433594,313.7236022949219,137.51956176757812,65.56642150878906
2020-09-10,110.18374633789062,182.4600067138672,75.97722625732422,139.97628784179688,196.09852600097656,308.2762145996094,138.21849060058594,64.76388549804688
2020-09-11,108.73712921142578,182.4499969482422,75.4168472290039,139.04403686523438,194.8190155029297,308.43310546875,138.51324462890625,64.40277099609375
2020-09-14,111.9992446899414,183.88999938964844,75.34542083740234,142.70777893066406,196.13673400878906,312.49554443359375,138.50477600097656,65.9757308959961
2020-09-15,112.17400360107422,183.4499969482422,76.44438171386719,142.97808837890625,199.35458374023438,314.0744323730469,138.16793823242188,66.77021789550781
2020-09-16,108.86335754394531,183.97000122070312,75.42575073242188,144.3298797607422,195.79295349121094,312.8279724121094,137.7553253173828,67.12333679199219
2020-09-17,107.12549591064453,182.9600067138672,74.1675796508789,143.2764129638672,193.74957275390625,310.07647705078125,138.1764373779297,65.81521606445312
2020-09-18,103.72745513916016,183.1999969482422,72.4050521850586,142.9034881591797,191.34332275390625,306.5068054199219,137.74685668945312,64.3305435180664
2020-09-21,106.8730697631836,179.52000427246094,70.97529602050781,137.89736938476562,193.3962860107422,303.09552001953125,138.44583129882812,62.39645767211914
2020-09-22,108.55266571044922,178.64999389648438,72.67632293701172,138.9601287841797,198.05599975585938,306.1822814941406,138.33636474609375,63.142784118652344
2020-09-23,103.99932098388672,174.7899932861328,70.18429565429688,134.8201904296875,191.5343017578125,299.0816650390625,138.52162170410156,61.24079513549805
2020-09-24,105.0672607421875,175.44000244140625,70.83296966552734,134.8201904296875,194.01695251464844,299.8788146972656,139.05215454101562,61.569862365722656
2020-09-25,109.00898742675781,174.94000244140625,71.65967559814453,137.0099334716797,198.4379425048828,304.7269592285156,139.05215454101562,62.839569091796875
2020-09-28,111.61092376708984,176.6999969482422,72.62969207763672,140.3881378173828,199.98480224609375,309.7882995605469,138.65638732910156,64.12548828125
2020-09-29,110.76625061035156,178.19000244140625,72.86824798583984,139.75181579589844,197.90318298339844,308.1011657714844,138.81642150878906,63.664512634277344
2020-09-30,112.43614959716797,177.1199951171875,72.88165283203125,140.17291259765625,200.8346405029297,310.4371643066406,137.48583984375,63.85859298706055
2020-10-01,113.38760375976562,178.6999969482422,73.8978042602539,142.40943908691406,202.8684539794922,312.43023681640625,137.7125244140625,65.13642120361328
2020-10-02,109.72743225097656,178.5399932861328,72.32720184326172,143.0364227294922,196.8815155029297,309.4638366699219,137.1984100341797,66.26058197021484
2020-10-05,113.1060562133789,179.41000366210938,73.69595336914062,146.98553466796875,200.88238525390625,314.9515380859375,134.51766967773438,66.64068603515625
2020-10-06,109.86334228515625,177.3000030517578,72.08021545410156,146.56439208984375,196.6141815185547,310.4742431640625,135.2426300048828,66.2039794921875
2020-10-07,111.72740936279297,177.22000122070312,72.41995239257812,149.76478576660156,200.35719299316406,315.87860107421875,134.25625610351562,66.30101776123047
2020-10-08,111.62062072753906,177.85000610351562,73.6915054321289,151.46795654296875,201.07330322265625,318.6781311035156,134.98126220703125,67.40901947021484
2020-10-09,113.56234741210938,181.0800018310547,75.14408111572266,152.25404357910156,206.0672149658203,321.5238952636719,134.95596313476562,67.1421127319336
2020-10-12,120.77589416503906,180.55999755859375,77.81861114501953,153.2740478515625,211.4048614501953,326.6964111328125,135.3859100341797,67.45751953125
2020-10-13,117.57202911376953,177.72000122070312,77.94407653808594,152.25404357910156,212.79891967773438,324.56439208984375,136.3553924560547,66.30101776123047
2020-10-14,117.6594009399414,178.27000427246094,77.76554870605469,150.7473907470703,210.8892364501953,322.52496337890625,136.66725158691406,65.49226379394531
2020-10-15,117.19338989257812,178.9199981689453,77.32170104980469,152.3008270263672,209.743408203125,322.1264343261719,136.43118286132812,65.83195495605469
2020-10-16,115.55260467529297,178.3000030517578,78.01004028320312,151.92648315429688,209.743408203125,321.9317321777344,136.05184936523438,65.36286163330078
2020-10-19,112.60118103027344,178.38999938964844,76.10567474365234,150.111083984375,204.54901123046875,317.0372619628906,135.53761291503906,64.34382629394531
2020-10-20,114.08659362792969,179.25,77.16300201416016,150.43861389160156,204.95957946777344,318.30731201171875,134.2478485107422,64.80484008789062
2020-10-21,113.46526336669922,180.60000610351562,79.01677703857422,149.147216796875,205.1028289794922,317.7047424316406,133.7841339111328,64.6107177734375
2020-10-22,112.37789154052734,178.8300018310547,80.10881042480469,151.7206573486328,205.18875122070312,319.447509765625,132.3932647705078,64.60265350341797
2020-10-23,111.68859100341797,178.63999938964844,81.38187408447266,152.6002960205078,206.46824645996094,320.5320129394531,133.20260620117188,64.9908218383789
2020-10-26,111.69829559326172,178.5500030517578,78.87493133544922,149.30630493164062,200.59588623046875,314.608642578125,134.4417266845703,64.06078338623047
2020-10-27,113.203125,179.02000427246094,79.559814453125,148.0242156982422,203.6227569580078,313.5240478515625,135.3437957763672,63.033687591552734
2020-10-28,107.96044921875,176.1300048828125,75.2135009765625,143.4669189453125,193.5299530029297,302.8081970214844,135.47019958496094,61.5294189453125
2020-10-29,111.96041107177734,175.39999389648438,77.72389221191406,145.1793975830078,195.47787475585938,305.8857116699219,134.15512084960938,62.35430908203125
2020-10-30,105.6886215209961,176.1999969482422,80.39049530029297,143.26104736328125,193.32945251464844,302.6969299316406,132.8316650390625,61.94187545776367
2020-11-02,105.60121154785156,177.91000366210938,80.63945007324219,145.8157958984375,193.19578552246094,306.08966064453125,133.8265838623047,63.4218635559082
2020-11-03,107.22257995605469,178.9199981689453,81.83859252929688,149.95196533203125,197.1106719970703,311.493896484375,133.0501251220703,64.64307403564453
2020-11-04,111.6011962890625,178.82000732421875,86.74433135986328,150.12042236328125,206.62107849121094,318.4555358886719,135.93634033203125,64.75629425048828
2020-11-05,115.56233215332031,182.92999267578125,87.4505386352539,154.32217407226562,213.2095489501953,324.6663513183594,136.1726837158203,65.06365203857422
2020-11-06,115.4310531616211,183.19000244140625,87.37019348144531,153.11495971679688,213.62013244628906,324.5921630859375,134.52706909179688,64.61882781982422
2020-11-09,113.1260986328125,175.0800018310547,87.43218231201172,158.6642303466797,208.53073120117188,328.6708984375,131.699951171875,66.90755462646484
2020-11-10,112.78572082519531,175.66000366210938,86.31088256835938,161.61199951171875,201.48388671875,328.18890380859375,130.94039916992188,67.88615417480469
2020-11-11,116.2090835571289,174.89999389648438,86.92188262939453,161.5465087890625,206.77381896972656,330.6268005371094,131.4130096435547,68.14495086669922
2020-11-12,115.93675231933594,175.9600067138672,86.779541015625,159.06663513183594,205.71392822265625,327.4195251464844,133.64935302734375,67.25533294677734
2020-11-13,115.98540496826172,177.16000366210938,88.12747955322266,162.36062622070312,206.73561096191406,331.95245361328125,133.47218322753906,69.05073547363281
2020-11-16,116.99683380126953,177.14999389648438,88.34370422363281,166.22547912597656,207.423095703125,336.0960388183594,133.15142822265625,69.8271484375
2020-11-17,116.11180877685547,176.5,87.78678894042969,167.00218200683594,204.77816772460938,334.2884216308594,134.02069091796875,69.89186096191406
2020-11-18,114.78914642333984,175.49000549316406,86.6277847290039,164.6627197265625,202.07843017578125,330.2652893066406,134.4088897705078,68.53313446044922
2020-11-19,115.38241577148438,175.16000366210938,87.47781372070312,165.92601013183594,203.3612518310547,331.65582275390625,135.1008758544922,68.80003356933594
2020-11-20,114.11813354492188,175.69000244140625,86.40016174316406,166.10382080078125,201.41787719726562,329.3846740722656,136.29920959472656,68.42801666259766
2020-11-23,110.72394561767578,172.22999572753906,86.0366439819336,169.21067810058594,201.1497802734375,331.3591613769531,135.67474365234375,68.5573959350586
2020-11-24,112.00770568847656,169.58999633789062,87.72378540039062,172.39239501953125,204.7398681640625,336.69854736328125,134.3245086669922,68.92135620117188
2020-11-25,112.84407806396484,169.50999450683594,87.85025024414062,171.8028564453125,204.74945068359375,336.1795349121094,133.9109344482422,68.9617919921875
2020-11-27,113.38872528076172,167.7899932861328,88.92939758300781,172.53274536132812,206.05142211914062,337.11578369140625,135.21058654785156,68.65447235107422
2020-11-30,115.78115844726562,166.6699981689453,87.32011413574219,169.3978271484375,204.94088745117188,335.6232604980469,135.04180908203125,67.93467712402344
2020-12-01,119.35039520263672,170.17999267578125,89.17290496826172,170.96994018554688,206.98965454101562,339.29412841796875,133.05067443847656,68.80813598632812
2020-12-02,119.70048522949219,171.4600067138672,90.65324401855469,171.14776611328125,206.18545532226562,340.00799560546875,131.99478149414062,68.26626586914062
2020-12-03,119.5643539428711,172.80999755859375,90.5947265625,172.11166381835938,205.1036834716797,339.91522216796875,133.05914306640625,68.84048461914062
2020-12-04,118.89329528808594,172.32000732421875,90.65522766113281,176.11683654785156,205.21853637695312,342.844482421875,131.10780334472656,69.89186096191406
2020-12-07,120.35211181640625,174.88999938964844,90.23318481445312,176.2852783203125,205.1515350341797,342.1399230957031,132.29039001464844,69.2852783203125
2020-12-08,120.96481323242188,175.5,90.18705749511719,178.54995727539062,206.79820251464844,343.1410827636719,132.91555786132812,69.04267120361328
2020-12-09,118.43618774414062,172.5,88.48007202148438,177.2491455078125,202.76776123046875,340.0635070800781,132.47625732421875,68.61399841308594
2020-12-10,119.85611724853516,172.1699981689453,88.04367065429688,178.96165466308594,201.5422821044922,339.95233154296875,133.6504669189453,68.31480407714844
2020-12-11,119.04889678955078,172.49000549316406,88.36304473876953,178.08201599121094,204.1654815673828,339.55364990234375,134.12356567382812,68.25006866455078
2020-12-14,118.43618774414062,171.5399932861328,87.28639221191406,178.29042053222656,205.0653533935547,338.0335388183594,133.75181579589844,67.95085144042969
2020-12-15,124.36870574951172,173.94000244140625,87.66873931884766,182.7493133544922,204.9983367919922,342.6035461425781,133.3041229248047,69.34190368652344
2020-12-16,124.30062866210938,174.89999389648438,87.43218231201172,182.0922088623047,209.92872619628906,343.1410827636719,132.94927978515625,69.42277526855469
2020-12-17,125.16620635986328,176.74000549316406,86.68334197998047,184.2606658935547,210.06275939941406,345.0599060058594,132.59754943847656,70.09405517578125
2020-12-18,123.18220520019531,176.44000244140625,85.84571075439453,183.36886596679688,209.2681121826172,343.68218994140625,132.2000732421875,68.68681335449219
2020-12-21,124.7090835571289,175.8800048828125,86.26030731201172,183.27499389648438,213.0976104736328,342.4533996582031,132.7244415283203,68.2986068725586
2020-12-22,128.2588653564453,174.49000549316406,85.4732666015625,185.35897827148438,214.38999938964844,341.8760986328125,133.409423828125,68.7757797241211
2020-12-23,127.3641357421875,175.64999389648438,85.91366577148438,186.9359893798828,211.59451293945312,342.1834411621094,132.4875946044922,68.33096313476562
2020-12-24,128.3463897705078,176.35000610351562,86.23451232910156,186.81393432617188,213.25074768066406,343.51458740234375,133.01187133789062,68.92919921875
2020-12-28,132.9368133544922,175.7100067138672,88.08135223388672,186.11932373046875,215.36651611328125,346.4656677246094,133.07106018066406,69.34008026123047
2020-12-29,131.166748046875,176.35000610351562,87.21992492675781,182.51463317871094,214.59107971191406,345.80474853515625,132.9019775390625,68.74842071533203
2020-12-30,130.04833984375,177.6999969482422,86.26775360107422,184.373291015625,212.22634887695312,346.2981872558594,133.1894989013672,69.12643432617188
2020-12-31,129.04664611816406,178.36000061035156,86.88072204589844,184.04473876953125,212.934814453125,348.0575866699219,133.3839874267578,69.79205322265625
2021-01-04,125.85670471191406,182.3300018310547,85.70834350585938,181.6416015625,208.40652465820312,343.3191223144531,133.22337341308594,67.52400207519531
2021-01-05,127.41272735595703,182.8699951171875,86.33717346191406,184.44837951660156,208.6075897216797,345.6837158203125,132.23391723632812,67.62259674072266
2021-01-06,123.12386322021484,179.89999389648438,86.0579605102539,191.9956512451172,203.1985321044922,347.7503662109375,129.51934814453125,67.7376708984375
2021-01-07,127.3252182006836,179.47999572753906,88.63481140136719,195.41256713867188,208.9809112548828,352.9170837402344,128.37779235839844,67.60617065429688
2021-01-08,128.4241943359375,173.33999633789062,89.62467193603516,194.99017333984375,210.25424194335938,354.9279479980469,127.9634780883789,68.26358032226562
2021-01-11,125.43850708007812,173.0,87.61666870117188,194.8211669921875,208.21505737304688,352.535400390625,127.751953125,67.35965728759766
2021-01-12,125.2634506225586,174.1199951171875,86.61638641357422,198.313232421875,205.7642364501953,352.60986328125,127.65054321289062,67.51577758789062
2021-01-13,127.29606628417969,173.3699951171875,87.00568389892578,196.89578247070312,207.11410522460938,353.55938720703125,129.08807373046875,68.33753967285156
2021-01-14,125.37043762207031,173.27999877929688,86.30048370361328,200.8289794921875,203.93569946289062,352.3212890625,127.87879943847656,68.74018859863281
2021-01-15,123.64903259277344,171.1300048828125,86.10260009765625,197.8345184326172,203.58143615722656,349.7518005371094,128.38626098632812,69.52909088134766
2021-01-19,124.3200912475586,172.5800018310547,88.8138427734375,200.3690185546875,207.20982360839844,352.4981384277344,128.80059814453125,69.33185577392578
2021-01-20,128.40476989746094,175.38999938964844,93.57674407958984,201.25140380859375,214.77293395996094,357.3762512207031,128.92742919921875,70.6549301147461
2021-01-21,133.11187744140625,175.27999877929688,93.79246520996094,199.50537109375,215.3760528564453,357.7020263671875,128.02256774902344,70.31798553466797
2021-01-22,135.25144958496094,173.89999389648438,94.27848052978516,201.82403564453125,216.3142852783203,356.43603515625,128.43701171875,70.4823226928711
2021-01-25,138.9957275390625,174.0500030517578,94.19664764404297,201.62689208984375,219.74159240722656,357.8417663574219,129.9506072998047,71.01647186279297
2021-01-26,139.2291717529297,173.6199951171875,95.08138275146484,200.2282257080078,222.42221069335938,357.2831726074219,129.7053985595703,71.51773071289062
2021-01-27,138.15936279296875,172.52000427246094,90.79407501220703,196.55783081054688,222.96791076660156,348.55096435546875,130.0352325439453,70.25224304199219
2021-01-28,133.32582092285156,172.67999267578125,92.39692687988281,195.92886352539062,228.74075317382812,351.5486145019531,129.3163604736328,70.6302490234375
2021-01-29,128.33668518066406,172.61000061035156,91.03958129882812,192.9625244140625,222.06797790527344,344.5107421875,128.53848266601562,69.81669616699219
2021-02-01,130.456787109375,174.22999572753906,94.29335021972656,197.70306396484375,229.43006896972656,350.24530029296875,128.6875,71.41091918945312
2021-02-02,131.2834930419922,172.11000061035156,95.59070587158203,200.51922607421875,229.2960205078125,355.1978454589844,127.85774993896484,71.83824157714844
2021-02-03,130.26231384277344,171.85000610351562,102.66065979003906,201.1199951171875,232.6371612548828,355.4771423339844,126.72328186035156,71.65744018554688
2021-02-04,133.61758422851562,168.14999389648438,102.27880096435547,205.22216796875,231.6893768310547,359.5173645019531,126.38457489013672,72.1504898071289
2021-02-05,133.20361328125,169.80999755859375,104.04578399658203,208.0664825439453,231.87127685546875,360.93231201171875,125.32632446289062,72.40523529052734
2021-02-08,133.34976196289062,171.52000427246094,103.79335021972656,213.37960815429688,232.1297607421875,363.5390319824219,125.87662506103516,72.79969787597656
2021-02-09,132.47314453125,172.0800018310547,103.32717895507812,214.384033203125,233.3743438720703,363.2969970703125,125.96975708007812,73.054443359375
2021-02-10,131.86924743652344,172.7100067138672,103.91586303710938,212.97601318359375,232.46485900878906,363.13873291015625,126.80793762207031,73.44889831542969
2021-02-11,131.6160125732422,171.2100067138672,103.94114685058594,212.73190307617188,234.0636444091797,363.7251892089844,126.11371612548828,73.60501861572266
2021-02-12,131.84974670410156,170.69000244140625,104.34879302978516,213.33267211914062,234.54229736328125,365.52191162109375,124.54744720458984,73.6214599609375
2021-02-16,129.7264404296875,168.24000549316406,105.2310562133789,211.9903106689453,233.3073272705078,365.2053527832031,122.6510009765625,73.054443359375
2021-02-17,127.43757629394531,166.3300018310547,105.54895782470703,210.32879638671875,234.32449340820312,365.2891845703125,123.4298324584961,72.96403503417969
2021-02-18,126.33699798583984,166.32000732421875,104.99797821044922,207.0714569091797,233.93104553222656,363.7344970703125,122.93037414550781,72.65177154541016
2021-02-19,126.4927978515625,167.00999450683594,104.2015151977539,211.38954162597656,231.22508239746094,363.0921630859375,121.29635620117188,73.07086944580078
2021-02-22,122.72344207763672,169.50999450683594,102.40327453613281,210.01901245117188,225.0262908935547,360.29937744140625,120.37353515625,73.6789779663086
2021-02-23,122.58708953857422,169.1199951171875,102.69984436035156,208.1697540283203,223.83645629882812,360.7369079589844,120.02645874023438,74.1391830444336
2021-02-24,122.09034729003906,169.0,103.90543365478516,213.088623046875,225.06471252441406,364.7119445800781,119.23907470703125,74.70618438720703
2021-02-25,117.84371948242188,165.82000732421875,100.74092102050781,205.21278381347656,219.72950744628906,355.9239501953125,117.29179382324219,73.27632141113281
2021-02-26,118.10669708251953,161.80999755859375,101.01368713378906,204.93115234375,222.98248291015625,354.09002685546875,121.16934204101562,72.2080307006836
2021-03-01,124.4668960571289,161.52999877929688,103.22801208496094,212.2156219482422,227.35804748535156,362.6732177734375,119.56901550292969,72.52851104736328
2021-03-02,121.86632537841797,162.41000366210938,102.94682312011719,208.1322021484375,224.4122314453125,359.8432312011719,119.5774917602539,71.83003997802734
2021-03-03,118.88590240478516,160.6199951171875,100.51032257080078,205.87928771972656,218.35740661621094,355.0767822265625,118.28059387207031,71.41915130615234
2021-03-04,117.0060806274414,159.0399932861328,101.62020111083984,200.12493896484375,217.5609588623047,350.6828308105469,117.51773071289062,70.60558319091797
2021-03-05,118.26254272460938,159.13999938964844,104.56851196289062,204.3679656982422,222.23402404785156,357.13421630859375,117.74662017822266,71.37803649902344
2021-03-08,113.33412170410156,157.49000549316406,100.38435363769531,205.33486938476562,218.1942596435547,355.3560791015625,116.83112335205078,71.9943618774414
2021-03-09,117.9411392211914,160.83999633789062,101.79924011230469,209.65289306640625,224.3258514404297,360.42974853515625,118.45011138916016,72.47100067138672
2021-03-10,116.8600082397461,161.66000366210938,101.914794921875,213.29510498046875,223.02081298828125,362.6732177734375,118.68748474121094,73.19413757324219
2021-03-11,118.78849792480469,161.52000427246094,104.8774642944336,217.9886932373047,227.5404052734375,366.3503723144531,117.83136749267578,74.04875946044922
2021-03-12,117.88267517089844,161.49000549316406,102.25648498535156,219.27481079101562,226.21620178222656,366.84381103515625,115.33077239990234,75.28962707519531
2021-03-15,120.76570892333984,162.1999969482422,102.48310852050781,220.05393981933594,225.31417846679688,369.0315856933594,116.0089111328125,76.40721130371094
2021-03-16,122.30462646484375,162.35000610351562,103.77401733398438,216.3741455078125,228.096923828125,368.56610107421875,115.5427017211914,76.09494018554688
2021-03-17,121.51568603515625,163.50999450683594,103.7026138305664,218.07322692871094,227.4540252685547,369.8228759765625,114.67813110351562,76.16069793701172
2021-03-18,117.39569854736328,162.55999755859375,100.98194885253906,211.43650817871094,221.38958740234375,364.44195556640625,113.51683044433594,75.38822937011719
2021-03-19,116.86972045898438,163.24000549316406,101.32810974121094,213.0322723388672,221.03457641601562,363.76763916015625,114.22038269042969,74.36103057861328
2021-03-22,120.18131256103516,163.0,101.09947204589844,211.42709350585938,226.4464569091797,366.67236328125,115.5003433227539,74.8869400024414
2021-03-23,119.35342407226562,161.80999755859375,101.81212615966797,203.75778198242188,227.97218322753906,363.78631591796875,116.54298400878906,74.78013610839844
2021-03-24,116.96711730957031,162.3699951171875,101.42034912109375,199.04544067382812,225.9379119873047,361.9371032714844,117.1701889038086,74.36103057861328
2021-03-25,117.45413208007812,161.77999877929688,101.3856430053711,203.76475524902344,222.944091796875,363.97314453125,116.24626922607422,75.11817169189453
2021-03-26,118.05799865722656,162.24000549316406,100.94872283935547,207.47964477539062,226.91664123535156,369.838623046875,115.83940887451172,76.73822784423828
2021-03-29,118.23332977294922,160.30999755859375,101.96041870117188,201.63925170898438,225.72683715820312,369.6517333984375,114.8561019897461,76.29187774658203
2021-03-30,116.78205871582031,157.57000732421875,101.9400863647461,205.034423828125,222.47386169433594,368.6711730957031,115.45792388916016,76.39107513427734
2021-03-31,118.97356414794922,159.9600067138672,102.58924865722656,207.7900390625,226.23538208007812,370.16546630859375,114.81372833251953,75.9281997680664
2021-04-01,119.80145263671875,161.97999572753906,106.01710510253906,210.42340087890625,232.54930114746094,374.16290283203125,116.71930694580078,77.3085708618164
2021-04-05,122.62603759765625,161.9199981689453,110.37134552001953,211.5802001953125,238.99754333496094,379.53326416015625,116.20999145507812,77.60613250732422
2021-04-06,122.927978515625,163.22000122070312,110.33167266845703,210.95945739746094,237.83644104003906,379.3091735839844,116.9993896484375,77.80450439453125
2021-04-07,124.57403564453125,162.75999450683594,111.56803894042969,207.5548858642578,239.79393005371094,379.7481689453125,116.18456268310547,77.86235809326172
2021-04-08,126.97007751464844,164.50999450683594,112.34961700439453,209.31362915039062,243.0084686279297,381.55072021484375,117.14373779296875,77.57305908203125
2021-04-09,129.5413818359375,163.27000427246094,113.36328887939453,209.34181213378906,245.5033416748047,384.32464599609375,116.71930694580078,77.48213958740234
2021-04-12,127.82718658447266,162.27999877929688,111.82146453857422,208.52362060546875,245.5609130859375,384.4647216796875,116.66834259033203,77.9367446899414
2021-04-13,130.9342041015625,163.42999267578125,112.44036865234375,207.9781494140625,248.03651428222656,385.6041564941406,117.54259490966797,78.32524108886719
2021-04-14,128.59664916992188,162.72000122070312,111.82392120361328,210.02838134765625,245.25384521484375,384.2873229980469,117.16918182373047,77.91197204589844
2021-04-15,131.00241088867188,165.35000610351562,113.89789581298828,210.94064331054688,249.00570678710938,388.4154968261719,119.12994384765625,79.27578735351562
2021-04-16,130.67124938964844,166.35000610351562,113.95244598388672,211.2792205810547,250.1956024169922,389.71380615234375,118.20470428466797,79.44937896728516
2021-04-19,131.33358764648438,165.88999938964844,114.18257141113281,208.5330352783203,248.2764129638672,387.799072265625,117.86520385742188,79.60641479492188
2021-04-20,129.6485595703125,166.47999572753906,113.74763488769531,204.26319885253906,247.8158721923828,384.95977783203125,118.40839385986328,80.2593994140625
2021-04-21,130.02842712402344,168.1300048828125,113.73078155517578,209.25718688964844,250.04197692871094,388.602294921875,118.6461181640625,80.78839874267578
2021-04-22,128.5089569091797,167.0399932861328,112.47261810302734,208.39195251464844,246.7699737548828,385.0531921386719,119.1638412475586,80.3503189086914
2021-04-23,130.8270263671875,166.39999389648438,114.82231140136719,212.32315063476562,250.58897399902344,389.22802734375,118.8837890625,80.82146453857422
2021-04-26,131.21669006347656,166.83999633789062,115.38966369628906,214.53326416015625,250.97279357910156,390.0405578613281,118.71401977539062,81.06116485595703
2021-04-27,130.89524841308594,166.4199981689453,114.4166488647461,214.85304260253906,251.37583923339844,389.9564514160156,117.67845153808594,81.05289459228516
2021-04-28,130.10633850097656,166.91000366210938,118.0265121459961,215.21981811523438,244.26548767089844,389.8445129394531,117.75487518310547,80.87931060791016
2021-04-29,130.0089569091797,166.22000122070312,120.50516510009766,214.42042541503906,242.2984161376953,392.3288879394531,117.40687561035156,81.57363891601562
2021-04-30,128.04147338867188,165.66000366210938,119.52470397949219,211.50491333007812,241.9817352294922,389.75103759765625,117.67845153808594,81.89602661132812
2021-05-03,129.09335327148438,167.80999755859375,118.78329467773438,212.53945922851562,241.67469787597656,390.5917053222656,117.74899291992188,81.73896026611328
2021-05-04,124.52532196044922,166.5800018310547,116.75395202636719,210.00021362304688,237.769287109375,388.1820068359375,118.54805755615234,81.2099380493164
2021-05-05,124.76884460449219,167.27000427246094,116.87744140625,209.1631317138672,236.502685546875,388.30340576171875,118.74357604980469,79.86265563964844
2021-05-06,126.36619567871094,170.05999755859375,118.0979232788086,209.34181213378906,239.6308135986328,391.4042053222656,118.93907928466797,80.30899810791016
2021-05-07,127.0394058227539,171.58999633789062,118.95785522460938,211.9751739501953,242.2504119873047,394.2529296875,118.3525390625,81.36699676513672
2021-05-10,123.76123046875,172.11000061035156,116.12957763671875,206.58619689941406,237.18392944335938,390.3488464355469,117.15397644042969,81.34221649169922
2021-05-11,122.84410095214844,172.13999938964844,114.49798583984375,205.92788696289062,236.2723846435547,386.8651123046875,116.49091339111328,80.31725311279297
2021-05-12,119.78055572509766,170.42999267578125,111.04234313964844,199.24102783203125,229.33474731445312,378.64605712890625,115.26690673828125,78.2839126586914
2021-05-13,121.92696380615234,171.1300048828125,112.17752838134766,202.90892028808594,233.2017822265625,383.19451904296875,115.44536590576172,79.30058288574219
2021-05-14,124.34658813476562,172.69000244140625,114.86495971679688,207.86524963378906,238.11476135253906,389.0786437988281,116.52491760253906,80.24286651611328
2021-05-17,123.19532012939453,174.6999969482422,115.12532806396484,208.1474151611328,235.26480102539062,388.08856201171875,116.27838897705078,80.32552337646484
2021-05-18,121.80989837646484,175.0399932861328,114.233642578125,206.5673828125,233.24972534179688,384.74493408203125,115.98091125488281,80.34205627441406
2021-05-19,121.65379333496094,175.16000366210938,114.49549865722656,204.97796630859375,233.8268280029297,383.7362365722656,115.70038604736328,80.08583068847656
2021-05-20,124.20999908447266,175.9600067138672,116.84519958496094,206.34169006347656,237.058349609375,387.86444091796875,116.65240478515625,80.98678588867188
2021-05-21,122.37577819824219,176.0399932861328,116.30018615722656,206.87777709960938,235.79844665527344,387.5469665527344,117.02642059326172,80.90411376953125
2021-05-24,124.00511169433594,176.35000610351562,119.3536148071289,208.22264099121094,241.19403076171875,391.4975891113281,117.45997619628906,81.91250610351562
2021-05-25,123.80998992919922,177.9499969482422,119.4726333618164,206.2100372314453,242.0980682373047,390.62908935546875,118.54805755615234,81.88773345947266
2021-05-26,123.76123046875,177.63999938964844,120.6856689453125,210.05657958984375,241.87692260742188,391.4042053222656,118.34403991699219,82.25141906738281
2021-05-27,122.22944641113281,177.7100067138672,119.14730834960938,212.21971130371094,239.7801971435547,391.60968017578125,117.86801147460938,82.06131744384766
2021-05-28,121.57575225830078,178.3800048828125,119.59613037109375,212.07861328125,240.1360626220703,392.3101806640625,117.6810073852539,82.55724334716797
2021-06-01,121.25377655029297,177.89999389648438,120.5011978149414,214.48623657226562,237.94317626953125,391.964599609375,117.65460968017578,84.0450668334961
2021-06-02,122.0147705078125,178.77000427246094,120.07816314697266,214.74017333984375,237.84703063964844,392.5810546875,117.92698669433594,85.0286865234375
2021-06-03,120.53179931640625,175.27000427246094,119.25146484375,212.9438934326172,236.31781005859375,391.1240539550781,117.48436737060547,84.71459197998047
2021-06-04,122.82457733154297,177.16000366210938,121.58975219726562,213.86553955078125,241.20359802246094,394.7012023925781,119.09326934814453,84.75592041015625
2021-06-07,122.8343276977539,177.8699951171875,122.30042266845703,216.7340087890625,244.10818481445312,394.3182373046875,118.72720336914062,85.75606536865234
2021-06-08,123.65387725830078,177.32000732421875,123.13159942626953,219.02877807617188,242.91558837890625,394.40228271484375,119.56143951416016,86.46690368652344
2021-06-09,124.03437042236328,176.97999572753906,123.55561828613281,217.57102966308594,243.89657592773438,393.8138732910156,120.61707305908203,86.5826187133789
2021-06-10,123.03922271728516,177.74000549316406,125.05332946777344,215.95758056640625,247.40708923339844,395.64447021484375,121.34069061279297,87.20256042480469
2021-06-11,124.24903106689453,175.74000549316406,124.6729507446289,218.23692321777344,248.0323028564453,396.2982482910156,121.14485168457031,86.85540008544922
2021-06-14,127.30279541015625,174.7100067138672,125.32310485839844,217.5964813232422,249.9557647705078,397.1856384277344,120.21697998046875,87.19427490234375
2021-06-15,126.4832534790039,174.0500030517578,125.00670623779297,216.97482299804688,248.4842987060547,396.4570617675781,120.07219696044922,86.26026153564453
2021-06-16,126.98081970214844,171.11000061035156,124.6729507446289,216.51327514648438,247.54171752929688,394.2435607910156,119.9700698852539,85.69818115234375
2021-06-17,128.58091735839844,165.85000610351562,125.34195709228516,214.0832061767578,250.92713928222656,394.1127624511719,121.76627349853516,85.59074401855469
2021-06-18,127.28329467773438,164.92999267578125,124.54498291015625,209.22305297851562,249.51336669921875,388.7960510253906,124.05621337890625,84.135986328125
2021-06-21,129.07847595214844,166.9499969482422,125.4252700805664,213.69703674316406,252.591064453125,394.36199951171875,121.97908782958984,85.87177276611328
2021-06-22,130.71755981445312,166.25,125.96531677246094,214.6671600341797,255.36099243164062,396.47039794921875,122.27701568603516,85.42544555664062
2021-06-23,130.44439697265625,166.13999938964844,125.43170166015625,215.37359619140625,255.130126953125,395.9925231933594,121.96204376220703,85.2766342163086
2021-06-24,130.16146850585938,166.0399932861328,126.24552917480469,218.41586303710938,256.49578857421875,398.3351135253906,122.1578598022461,85.0926742553711
2021-06-25,129.8687744140625,166.58999633789062,125.96086883544922,218.7832489013672,254.88966369628906,399.75006103515625,120.88947296142578,85.66707611083984
2021-06-28,131.4981231689453,166.5800018310547,125.78681182861328,217.05018615722656,258.4482421875,400.5558166503906,122.13227844238281,85.41732788085938
2021-06-29,133.01031494140625,164.8300018310547,124.99231719970703,216.0140838623047,261.0258483886719,400.77142333984375,122.33663177490234,85.18423461914062
2021-06-30,133.62501525878906,165.6300048828125,124.29554748535156,216.0423126220703,260.5448913574219,401.1087341308594,122.88143157958984,84.73472595214844
2021-07-01,133.92745971679688,166.1999969482422,125.33946228027344,217.9449462890625,261.2181701660156,403.3294982910156,122.88822937011719,85.10100555419922
2021-07-02,136.55197143554688,167.2899932861328,127.67081451416016,215.87283325195312,267.0369567871094,406.4124450683594,123.62981414794922,85.35906219482422
2021-07-06,138.56179809570312,168.1199951171875,128.7142333984375,212.7362823486328,267.0464782714844,405.67205810546875,125.07890319824219,85.98339080810547
2021-07-07,141.04969787597656,168.75999450683594,129.0182647705078,210.75828552246094,269.22967529296875,407.1056823730469,126.18701171875,86.28307342529297
2021-07-08,139.75209045410156,168.64999389648438,128.12509155273438,208.8179931640625,266.81573486328125,403.78863525390625,126.68140411376953,86.04166412353516
2021-07-09,141.5765838623047,169.2100067138672,128.51937866210938,213.22607421875,267.3158264160156,408.0990905761719,124.89985656738281,87.45682525634766
2021-07-12,140.9813995361328,169.0,129.5008087158203,213.405029296875,266.7195129394531,409.5608215332031,124.73790740966797,88.20602416992188
2021-07-13,142.0936737060547,169.22000122070312,129.92779541015625,209.38316345214844,270.2396545410156,408.1646728515625,123.78325653076172,86.97400665283203
2021-07-14,145.51821899414062,171.0399932861328,131.00694274902344,206.15243530273438,271.711181640625,408.7737121582031,125.18963623046875,87.58170318603516
2021-07-15,144.864501953125,171.07000732421875,130.19761657714844,204.98451232910156,270.28778076171875,407.3774719238281,126.57052612304688,87.72319793701172
2021-07-16,142.8253936767578,169.41000366210938,130.77188110351562,202.46022033691406,270.0184631347656,404.1821594238281,126.33189392089844,87.66493225097656
2021-07-19,138.9813232421875,169.61000061035156,128.20147705078125,199.4273223876953,266.4214172363281,398.21331787109375,129.10218811035156,86.06664276123047
2021-07-20,142.5912628173828,169.38999938964844,130.033935546875,205.61557006835938,268.64306640625,403.9197998046875,127.85765838623047,88.09781646728516
2021-07-21,141.85948181152344,168.75999450683594,131.52072143554688,209.15707397460938,270.6436462402344,407.1901550292969,126.23814392089844,88.0894775390625
2021-07-22,143.22540283203125,169.08999633789062,132.2427978515625,205.83218383789062,275.2024230957031,408.04278564453125,127.43148803710938,87.39022827148438
2021-07-23,144.9425811767578,168.55999755859375,136.69375610351562,206.79293823242188,278.5975646972656,412.24078369140625,126.57913208007812,88.11446380615234
2021-07-26,145.36212158203125,168.16000366210938,138.5073699951172,207.39576721191406,278.00115966796875,413.2527160644531,126.20404815673828,88.15609741210938
2021-07-27,143.1961669921875,168.44000244140625,135.6825714111328,204.97506713867188,275.58709716796875,411.3692932128906,127.55081939697266,88.65555572509766
2021-07-28,141.44972229003906,169.2899932861328,135.27093505859375,207.98916625976562,275.2793273925781,411.2006530761719,127.55928802490234,88.34754943847656
2021-07-29,142.0936737060547,171.1699981689453,135.42864990234375,209.59034729003906,275.54864501953125,412.90606689453125,126.85182189941406,88.36418151855469
2021-07-30,142.30831909179688,169.82000732421875,134.11988830566406,208.20578002929688,274.0193786621094,410.90087890625,127.4485092163086,88.4807357788086
2021-08-02,141.9766082763672,169.61000061035156,134.88214111328125,207.16966247558594,273.93280029296875,410.0386657714844,128.5852813720703,88.28926849365234
2021-08-03,143.77178955078125,169.49000549316406,135.1702423095703,208.02682495117188,276.1449279785156,413.3745422363281,128.65350341796875,88.39749908447266
2021-08-04,143.37176513671875,169.52999877929688,134.9208221435547,205.43661499023438,275.5582275390625,411.3411865234375,128.91810607910156,88.12279510498047
2021-08-05,143.4790802001953,168.86000061035156,135.8248748779297,209.12881469726562,278.45318603515625,413.9461364746094,128.2609405517578,89.15502166748047
2021-08-06,142.79507446289062,164.63999938964844,135.9200897216797,210.40980529785156,278.3955078125,414.6300964355469,126.11890411376953,88.99685668945312
2021-08-09,142.7462615966797,161.72000122070312,136.87823486328125,209.2512664794922,277.3086853027344,414.2928466796875,125.66654968261719,88.52235412597656
2021-08-10,142.2674560546875,161.77000427246094,136.9719696044922,209.66574096679688,275.49090576171875,414.8081970214844,125.08626556396484,87.68160247802734
2021-08-11,142.52151489257812,164.0,136.5682830810547,210.69239807128906,275.9814453125,415.8389892578125,125.00946044921875,88.19770812988281
2021-08-12,145.48216247558594,164.0399932861328,137.26258850097656,210.1931610107422,278.7320556640625,417.0851745605469,124.80461120605469,88.38916015625
2021-08-13,145.68736267089844,166.38999938964844,137.27896118164062,208.2811279296875,281.6559143066406,417.8442687988281,126.77596282958984,88.87200927734375
2021-08-16,147.6611328125,167.22000122070312,137.7847900390625,206.3408203125,283.3390197753906,418.8280944824219,127.08323669433594,88.7637710571289
2021-08-17,146.75241088867188,166.97000122070312,136.1824493408203,203.8259735107422,281.8770751953125,416.0826110839844,127.03201293945312,88.67220306396484
2021-08-18,143.01010131835938,167.10000610351562,135.4578857421875,202.0457763671875,280.15228271484375,411.5286865234375,127.45869445800781,87.86473846435547
2021-08-19,143.34230041503906,166.61000061035156,135.79859924316406,199.62510681152344,285.97247314453125,412.16583251953125,128.3975067138672,88.28926849365234
2021-08-20,144.7982177734375,166.6999969482422,137.3096923828125,202.9971466064453,293.2862854003906,415.4454040527344,128.48284912109375,88.73048400878906
2021-08-23,146.2834014892578,168.72999572753906,139.95050048828125,206.8588409423828,293.5657653808594,419.099853515625,128.3975067138672,88.56398010253906
2021-08-24,146.19541931152344,168.64999389648438,141.23892211914062,208.89337158203125,291.609619140625,419.76513671875,127.3990249633789,88.17273712158203
2021-08-25,144.96429443359375,167.47999572753906,141.78594970703125,209.6280517578125,291.0218505859375,420.6459655761719,126.3407974243164,88.11446380615234
2021-08-26,144.16305541992188,167.6699981689453,140.96568298339844,207.40518188476562,288.2080993652344,418.16278076171875,126.69068908691406,88.14775848388672
2021-08-27,145.1988067626953,170.19000244140625,143.37342834472656,213.25433349609375,288.815185546875,421.901611328125,127.55267333984375,89.07177734375
2021-08-30,149.6154022216797,169.35000610351562,144.28492736816406,212.3783721923828,292.5442810058594,423.757080078125,127.88546752929688,89.96249389648438
2021-08-31,148.35488891601562,169.69000244140625,144.27749633789062,212.7928009033203,290.8965759277344,423.129150390625,127.01498413085938,90.38703155517578
2021-09-01,149.01931762695312,169.6999969482422,144.65440368652344,214.2244873046875,290.848388671875,423.35394287109375,127.2277603149414,91.83548736572266
2021-09-02,150.13323974609375,169.25,143.0446319580078,215.7126922607422,290.1930847167969,424.65643310546875,127.7831039428711,92.31832122802734
2021-09-03,150.768310546875,171.05999755859375,143.5960693359375,214.71426391601562,290.18359375,424.5534362792969,126.62104797363281,92.33495330810547
2021-09-07,153.10365295410156,167.7100067138672,144.33404541015625,213.2355194091797,289.2583923339844,423.0354919433594,125.55294036865234,91.29439544677734
2021-09-08,151.55982971191406,167.2899932861328,143.7036895751953,210.9090118408203,289.287353515625,422.5201110839844,126.40744018554688,91.75225830078125
2021-09-09,150.54360961914062,168.02999877929688,143.7334442138672,210.805419921875,286.43499755859375,420.7115478515625,127.93701171875,89.88758087158203
2021-09-10,145.5603790283203,167.17999267578125,140.76535034179688,208.74266052246094,284.9510803222656,417.39453125,126.80907440185547,88.57231140136719
2021-09-13,146.1270751953125,167.74000549316406,142.2967529296875,209.92945861816406,286.1844482421875,418.462646484375,127.57804870605469,89.17166137695312
2021-09-14,144.72984313964844,168.82000732421875,142.23822021484375,207.25442504882812,288.8825378417969,416.2044372558594,129.1247100830078,89.01351165771484
2021-09-15,145.6189422607422,167.8300018310547,144.02357482910156,209.12881469726562,293.7296142578125,419.6808776855469,128.6718292236328,89.29652404785156
2021-09-16,145.38446044921875,164.02999877929688,143.19784545898438,209.27952575683594,294.1150817871094,419.015625,128.082275390625,89.3714370727539
2021-09-17,142.71694946289062,163.77000427246094,140.31155395507812,209.55267333984375,288.959716796875,414.933837890625,127.46697998046875,88.57231140136719
2021-09-20,139.66836547851562,164.94000244140625,137.88494873046875,204.57009887695312,283.59234619140625,408.0151672363281,129.04786682128906,88.03121948242188
2021-09-21,140.1470947265625,166.0399932861328,138.50933837890625,204.88087463378906,284.0741271972656,407.6297912597656,128.93678283691406,88.0728530883789
2021-09-22,142.51174926757812,165.4199981689453,139.79083251953125,208.0644989013672,287.71661376953125,411.6061096191406,129.70584106445312,88.93024444580078
2021-09-23,143.46932983398438,163.50999450683594,140.67160034179688,211.74729919433594,288.6610107421875,416.60711669921875,126.77486419677734,88.75543975830078
2021-09-24,143.55722045898438,163.3000030517578,141.47152709960938,210.7259979248047,288.4585876464844,417.29339599609375,125.53582000732422,87.80643463134766
2021-09-27,142.04273986816406,163.63999938964844,140.34873962402344,213.92872619628906,283.46710205078125,416.0995788574219,125.07440948486328,86.62540435791016
2021-09-28,138.66192626953125,162.0500030517578,135.07504272460938,209.0632781982422,273.2045593261719,407.7144470214844,123.12609100341797,86.0390853881836
2021-09-29,139.56085205078125,161.32000732421875,133.42555236816406,208.6192626953125,273.6671447753906,408.40057373046875,123.33970642089844,86.68402099609375
2021-09-30,138.26132202148438,164.22000122070312,132.18031311035156,206.66360473632812,271.66278076171875,403.4090576171875,123.32262420654297,85.25172424316406
2021-10-01,139.38499450683594,164.58999633789062,135.35128784179688,209.99856567382812,278.58160400390625,408.2031555175781,124.3604965209961,86.45787048339844
2021-10-04,135.95533752441406,165.36000061035156,132.67572021484375,208.09017944335938,272.8094482421875,402.93896484375,124.04391479492188,86.47463989257812
2021-10-05,137.8802032470703,164.58999633789062,135.06809997558594,208.80816650390625,278.25390625,407.131591796875,122.84608459472656,85.87992095947266
2021-10-06,138.74986267089844,165.02999877929688,136.2355194091797,207.72169494628906,282.44561767578125,408.8236389160156,123.53913116455078,86.7007827758789
2021-10-07,140.01036071777344,164.16000366210938,138.05210876464844,210.9244384765625,284.122314453125,412.3581848144531,122.24720764160156,86.9353256225586
2021-10-08,139.62925720214844,164.22999572753906,138.91552734375,209.33724975585938,284.122314453125,411.6061096191406,121.39153289794922,86.11446380615234
2021-10-11,139.54135131835938,163.9199981689453,137.71685791015625,208.1374053955078,283.5249328613281,408.626220703125,121.08356475830078,86.33223724365234
2021-10-12,138.27108764648438,164.66000366210938,135.5997314453125,209.2805938720703,282.2240295410156,407.6203918457031,123.15406799316406,87.46300506591797
2021-10-13,137.68478393554688,167.58999633789062,136.7770538330078,210.27256774902344,285.5291748046875,409.0868225097656,124.35193634033203,88.0995864868164
2021-10-14,140.46957397460938,168.0,140.26046752929688,213.39022827148438,291.73492431640625,415.9679260253906,124.81395721435547,89.17172241210938
2021-10-15,141.52487182617188,165.3300018310547,140.5213165283203,212.71945190429688,293.1418151855469,419.13592529296875,124.0866470336914,89.10472106933594
2021-10-18,143.1957550048828,164.9199981689453,141.79635620117188,212.5966339111328,296.1097412109375,420.3766784667969,124.66850280761719,89.33087158203125
2021-10-19,145.35516357421875,165.4499969482422,142.65084838867188,213.39022827148438,297.01556396484375,423.619873046875,122.94871520996094,89.37274932861328
2021-10-20,145.84371948242188,166.89999389648438,141.25531005859375,214.80735778808594,296.225341796875,425.2837219238281,122.11880493164062,90.77992248535156
2021-10-21,146.05865478515625,166.75,141.61782836914062,215.35528564453125,299.4534912109375,426.3929443359375,121.97334289550781,90.90556335449219
2021-10-22,145.28672790527344,167.77000427246094,137.49615478515625,214.84512329101562,297.9117736816406,425.9511413574219,123.31668090820312,91.33275604248047
2021-10-25,145.23788452148438,168.92999267578125,137.64292907714844,216.88583374023438,296.9190979003906,428.23541259765625,123.12841796875,91.62592315673828
2021-10-26,145.90232849121094,167.67999267578125,138.53463745117188,215.25135803222656,298.8271484375,428.6208801269531,124.14651489257812,91.87721252441406
2021-10-27,145.4430389404297,168.1199951171875,145.23513793945312,211.29286193847656,311.4120178222656,426.72198486328125,126.40532684326172,91.09822845458984
2021-10-28,149.0779571533203,168.0800018310547,144.93905639648438,215.5064697265625,312.5491027832031,430.8394470214844,125.97750854492188,92.37139129638672
2021-10-29,146.37135314941406,166.64999389648438,147.06312561035156,215.44976806640625,319.55450439453125,431.7136535644531,126.36255645751953,91.33275604248047
2021-11-01,145.55055236816406,167.52000427246094,142.60324096679688,221.03323364257812,317.3863525390625,432.45623779296875,125.4527587890625,91.7850570678711
2021-11-02,146.58633422851562,167.16000366210938,144.67523193359375,221.49618530273438,321.0096435546875,434.20477294921875,126.00962829589844,92.22062683105469
2021-11-03,148.02267456054688,165.77000427246094,145.59466552734375,225.45468139648438,321.8478698730469,436.85565185546875,124.70751190185547,92.5305404663086
2021-11-04,147.50479125976562,167.64999389648438,147.4722442626953,225.36961364746094,324.19921875,438.914306640625,126.0181884765625,91.65106964111328
2021-11-05,148.03321838378906,169.83999633789062,148.02572631835938,228.44949340820312,323.8329162597656,440.43719482421875,127.90286254882812,92.1201171875
2021-11-08,147.2112274169922,170.4499969482422,148.13531494140625,229.15806579589844,324.7291259765625,440.813232421875,127.66303253173828,92.04472351074219
2021-11-09,147.57325744628906,171.2899932861328,148.0331573486328,227.82595825195312,323.72698974609375,439.3561706542969,129.32498168945312,92.2038803100586
2021-11-10,144.7453155517578,173.14999389648438,145.43202209472656,224.23594665527344,318.7643737792969,435.82159423828125,126.9605484008789,91.77669525146484
2021-11-11,144.69635009765625,174.1199951171875,145.55299377441406,226.0404052734375,320.3350524902344,435.96258544921875,126.77201843261719,91.92744445800781
2021-11-12,146.77088928222656,174.4499969482422,148.4269256591797,226.26715087890625,324.46893310546875,439.25274658203125,126.21520233154297,91.86044311523438
2021-11-15,146.7806854248047,174.17999267578125,148.17153930664062,225.36961364746094,323.8426818847656,439.403076171875,124.63034057617188,92.50542449951172
2021-11-16,147.75921630859375,172.9199981689453,147.86207580566406,225.78530883789062,327.157470703125,441.14227294921875,124.31340026855469,91.89395904541016
2021-11-17,150.19583129882812,174.5,147.8481903076172,222.82826232910156,327.3794250488281,440.07061767578125,125.29853057861328,92.17874908447266
2021-11-18,154.4817657470703,173.94000244140625,149.4817657470703,221.88352966308594,329.45501708984375,441.5652160644531,125.76976013183594,92.19548797607422
2021-11-19,157.10421752929688,172.61000061035156,148.73143005371094,219.86170959472656,331.2314147949219,440.7756042480469,127.0976333618164,91.65106964111328
2021-11-22,157.56417846679688,168.74000549316406,145.88084411621094,218.9264373779297,328.06494140625,439.5346984863281,125.6069564819336,91.19873809814453
2021-11-23,157.94577026367188,167.27999877929688,145.56198120117188,218.54852294921875,325.98931884765625,440.1175537109375,123.79083251953125,91.93583679199219
2021-11-24,158.46441650390625,167.1199951171875,145.52279663085938,218.78475952148438,326.2113342285156,441.2926025390625,125.77835845947266,93.04984283447266
2021-11-26,153.4445343017578,166.85000610351562,141.64312744140625,210.53712463378906,318.266357421875,431.45037841796875,128.95663452148438,90.4616470336914
2021-11-29,156.8009033203125,166.6199951171875,144.92416381835938,210.40481567382812,324.97564697265625,436.7427978515625,127.91999816894531,91.13174438476562
2021-11-30,161.75230407714844,165.5,141.2919921875,206.11569213867188,319.144775390625,428.2448425292969,129.86463928222656,89.40625762939453
2021-12-01,161.23365783691406,166.16000366210938,140.46478271484375,201.47694396972656,318.6524963378906,423.4883117675781,130.66580200195312,87.93207550048828
2021-12-02,160.24533081054688,165.24000549316406,142.60574340820312,207.0981903076172,318.0829162597656,429.97454833984375,130.8287811279297,90.57054138183594
2021-12-03,158.36656188964844,166.6300048828125,141.3599395751953,202.84686279296875,311.8272399902344,426.2331848144531,132.3898162841797,90.26898956298828
2021-12-06,161.77188110351562,166.22000122070312,142.62554931640625,206.918701171875,314.89715576171875,431.2812194824219,130.57147216796875,91.8520736694336
2021-12-07,167.506103515625,166.80999755859375,146.8310089111328,211.718017578125,323.324951171875,440.20220947265625,129.51644897460938,93.17549896240234
2021-12-08,171.32237243652344,166.89999389648438,147.50946044921875,213.16346740722656,323.37322998046875,441.3678283691406,127.27777862548828,93.8455810546875
2021-12-09,170.81356811523438,165.8800048828125,146.89996337890625,208.33583068847656,321.5679931640625,438.3878479003906,127.9896469116211,92.48865509033203
2021-12-10,175.59861755371094,166.5800018310547,147.46434020996094,207.75955200195312,330.68109130859375,442.51470947265625,127.6809310913086,92.7734375
2021-12-13,171.96823120117188,167.0,145.5098876953125,204.72335815429688,327.6498107910156,438.5947265625,129.5679473876953,93.64456176757812
2021-12-14,170.58847045898438,165.44000244140625,143.7899932861328,202.96078491210938,316.97271728515625,435.57720947265625,129.25914001464844,92.44678497314453
2021-12-15,175.45181274414062,166.14999389648438,146.16845703125,206.18270874023438,323.0642395019531,442.38311767578125,128.0154571533203,93.74506378173828
2021-12-16,168.56292724609375,168.16000366210938,143.6590576171875,202.01316833496094,313.65179443359375,438.4819641113281,128.0652618408203,93.71155548095703
2021-12-17,167.46694946289062,167.8000030517578,141.64013671875,203.87051391601562,312.58984375,433.815185546875,129.5164337158203,93.59429931640625
2021-12-20,166.1068115234375,167.08999633789062,141.24192810058594,201.0087127685547,308.8345031738281,429.2022705078125,128.54611206054688,92.8655776977539
2021-12-21,169.27725219726562,167.02000427246094,143.04612731933594,206.751220703125,315.9590759277344,436.82440185546875,128.05662536621094,93.9126205444336
2021-12-22,171.870361328125,168.58999633789062,145.75238037109375,208.74124145507812,321.6644592285156,441.1921691894531,128.64913940429688,94.8758316040039
2021-12-23,172.4966583251953,168.97000122070312,145.9442901611328,210.4090576171875,323.1028747558594,443.9372863769531,127.5328598022461,94.77531433105469
2021-12-27,176.459716796875,169.3699951171875,146.85829162597656,212.3800811767578,330.59429931640625,450.219970703125,127.8420181274414,96.38427734375
2021-12-28,175.44204711914062,168.63999938964844,145.2554931640625,211.0818634033203,329.43572998046875,449.8520202636719,127.3353271484375,96.73937225341797
2021-12-29,175.53013610839844,168.58999633789062,145.31149291992188,211.30929565429688,330.1115417480469,450.4274597167969,125.9442367553711,97.3904037475586
2021-12-30,174.3754425048828,169.8000030517578,144.8135986328125,211.25245666503906,327.5726013183594,449.1822204589844,127.00047302246094,97.8131332397461
2021-12-31,173.75897216796875,170.9600067138672,143.50135803222656,210.79757690429688,324.6764831542969,448.0502624511719,127.24952697753906,98.08367156982422
2022-01-03,178.10365295410156,168.3300018310547,143.89312744140625,213.51724243164062,323.1607971191406,450.64447021484375,123.90914154052734,97.31429290771484
2022-01-04,175.84326171875,169.57000732421875,143.24050903320312,213.195068359375,317.61944580078125,450.49346923828125,123.39392852783203,97.19591522216797
2022-01-05,171.1658172607422,169.05999755859375,136.5325927734375,205.97418212890625,305.4267578125,441.84307861328125,122.72421264648438,94.414306640625
2022-01-06,168.3085174560547,166.99000549316406,136.43087768554688,207.1492919921875,303.0133056640625,441.42791748046875,123.04185485839844,94.49884796142578
2022-01-07,168.474853515625,167.75,135.88885498046875,204.75180053710938,303.1677551269531,439.6827697753906,122.1574478149414,93.87319946289062
2022-01-10,168.4944610595703,168.25999450683594,137.44558715820312,204.04107666015625,303.38983154296875,439.1357116699219,122.45796966552734,93.33209991455078
2022-01-11,171.32237243652344,170.2899932861328,138.87733459472656,206.21112060546875,304.0751953125,443.13543701171875,123.27375793457031,93.475830078125
2022-01-12,171.76271057128906,170.74000549316406,140.49452209472656,204.6759796142578,307.2513122558594,444.3334655761719,122.80142211914062,93.58574676513672
2022-01-13,168.4944610595703,170.16000366210938,137.998046875,202.79966735839844,294.2477111816406,438.2111511230469,123.89197540283203,93.39974975585938
2022-01-14,169.3555450439453,169.6699981689453,138.64820861816406,203.08396911621094,299.460693359375,438.3904113769531,122.02002716064453,92.55426788330078
2022-01-18,166.1556854248047,169.38999938964844,135.18064880371094,196.94345092773438,292.172119140625,430.6266784667969,120.30266571044922,91.58196258544922
2022-01-19,162.66233825683594,172.0800018310547,134.54737854003906,193.740478515625,292.82855224609375,426.1552734375,121.1355972290039,90.34756469726562
2022-01-20,160.97923278808594,171.64999389648438,132.4193572998047,190.23426818847656,291.1584777832031,421.4385681152344,121.88265228271484,89.18927764892578
2022-01-21,158.92433166503906,171.08999633789062,129.03265380859375,186.6712646484375,285.7813415527344,413.1654052734375,123.33386993408203,88.96945190429688
2022-01-24,158.15127563476562,172.02999877929688,129.3103790283203,190.9734344482422,286.1094665527344,414.9200134277344,122.32057189941406,89.1385498046875
2022-01-25,156.35073852539062,172.5800018310547,125.70348358154297,188.42434692382812,278.5023193359375,409.8542175292969,122.12309265136719,88.783447265625
2022-01-26,156.26272583007812,169.7899932861328,128.18759155273438,185.70465087890625,286.43768310546875,408.8260498046875,120.64615631103516,87.39688110351562
2022-01-27,155.80279541015625,167.60000610351562,128.06954956054688,181.4877471923828,289.45941162109375,406.8072204589844,122.861572265625,85.95110321044922
2022-01-28,166.67437744140625,167.10000610351562,132.2041473388672,185.0223846435547,297.587890625,416.91046142578125,122.90451049804688,88.73271179199219
2022-01-31,171.0288543701172,168.08999633789062,134.59349060058594,190.69862365722656,300.2137145996094,424.41949462890625,122.26907348632812,89.8233642578125
2022-02-01,170.86248779296875,168.22999572753906,136.75572204589844,192.70755004882812,298.07061767578125,427.2872619628906,121.86322021484375,89.5020980834961
2022-02-02,172.0660858154297,168.83999633789062,146.8310089111328,190.79335021972656,302.60784912109375,431.4379577636719,122.27595520019531,90.64349365234375
2022-02-03,169.18919372558594,168.60000610351562,141.4888916015625,187.18292236328125,290.8205261230469,421.2970275878906,121.32144165039062,89.67964172363281
2022-02-04,168.9050750732422,168.86000061035156,141.85140991210938,187.98843383789062,295.3481750488281,423.2779846191406,119.53286743164062,88.79188537597656
2022-02-07,168.18983459472656,170.11000061035156,137.80661010742188,188.9170684814453,290.53094482421875,421.91961669921875,119.61029052734375,88.66508483886719
2022-02-08,171.29568481445312,170.6300048828125,138.0793914794922,192.1389617919922,294.0159912109375,425.39117431640625,118.8105697631836,88.25079345703125
2022-02-09,172.7164306640625,171.2100067138672,140.3011474609375,195.78733825683594,300.435791015625,431.6171875,119.03417205810547,90.24610900878906
2022-02-10,168.64053344726562,170.55999755859375,137.4738311767578,192.7834014892578,291.9114990234375,423.8629455566406,117.14241027832031,88.11551666259766
2022-02-11,165.2308807373047,173.80999755859375,133.0377655029297,190.83126831054688,284.8255920410156,415.5049133300781,118.87940979003906,87.31229400634766
2022-02-14,165.46600341796875,174.74000549316406,134.1982421875,190.16793823242188,284.7869567871094,414.1465148925781,117.40038299560547,86.51756286621094
2022-02-15,169.2969512939453,173.0800018310547,135.3145751953125,195.26612854003906,290.067626953125,420.82537841796875,116.06755065917969,87.29539489746094
2022-02-16,169.06179809570312,174.86000061035156,136.367919921875,195.67361450195312,289.7289733886719,421.2970275878906,116.75546264648438,87.70123291015625
2022-02-17,165.46600341796875,177.25,131.23109436035156,190.6607208251953,281.2451477050781,412.2975158691406,117.62395477294922,86.77120971679688
2022-02-18,163.91795349121094,177.1199951171875,129.40509033203125,189.02133178710938,278.5364685058594,409.6278381347656,118.86219024658203,86.24703216552734
2022-02-22,160.9981689453125,177.49000549316406,128.34877014160156,186.35850524902344,278.3334045410156,405.2319030761719,119.17178344726562,85.93418884277344
2022-02-23,156.83412170410156,178.2899932861328,126.54607391357422,182.87130737304688,271.1263122558594,398.0436096191406,117.52935791015625,84.5137939453125
2022-02-24,159.4501495361328,177.13999938964844,131.59312438964844,187.66622924804688,284.9791564941406,404.03387451171875,117.60677337646484,85.93418884277344
2022-02-25,161.51747131347656,176.5500030517578,133.42408752441406,191.89260864257812,287.6105041503906,412.94842529296875,117.69273376464844,88.00559997558594
2022-02-28,161.78199768066406,178.3800048828125,133.79258728027344,192.6696319580078,289.0422058105469,411.8919372558594,120.27239990234375,86.69512939453125
2022-03-01,159.9008331298828,181.6199951171875,133.07546997070312,189.04029846191406,285.32745361328125,405.61871337890625,121.66297149658203,86.23855590820312
2022-03-02,163.19293212890625,179.72999572753906,133.65419006347656,193.54147338867188,290.3964538574219,413.08050537109375,117.50421142578125,87.85342407226562
2022-03-03,162.8695831298828,180.8000030517578,133.2143096923828,191.2482452392578,286.26580810546875,411.0240173339844,118.70103454589844,88.57207489013672
2022-03-04,159.87144470214844,183.67999267578125,131.04611206054688,188.25375366210938,280.4034729003906,407.6845703125,120.75023651123047,88.97789764404297
2022-03-07,156.0796661376953,186.41000366210938,125.43468475341797,183.5725555419922,269.8107604980469,395.6664123535156,119.82896423339844,87.21929931640625
2022-03-08,154.2572784423828,191.50999450683594,126.2420654296875,184.58642578125,266.8505554199219,392.66650390625,118.62355041503906,86.79657745361328
2022-03-09,159.65589904785156,185.82000732421875,132.77590942382812,189.78890991210938,279.0877990722656,403.19427490234375,117.46117401123047,88.13241577148438
2022-03-10,155.31544494628906,186.39999389648438,131.60157775878906,189.44776916503906,276.2727355957031,401.37359619140625,115.77354431152344,88.35224151611328
2022-03-11,151.60203552246094,185.08999633789062,129.41302490234375,186.4248504638672,270.932861328125,396.2701110839844,116.16102600097656,87.6504898071289
2022-03-14,147.5751190185547,182.3000030517578,125.70893859863281,182.6154327392578,267.4212951660156,393.37408447265625,113.44877624511719,86.96566772460938
2022-03-15,151.95477294921875,178.88999938964844,128.60467529296875,185.52462768554688,277.7818908691406,402.02447509765625,113.25069427490234,87.54904174804688
2022-03-16,156.3638153076172,180.00999450683594,132.6018524169922,191.36195373535156,284.7857666015625,410.93914794921875,114.36148071289062,88.58897399902344
2022-03-17,157.3729705810547,180.88999938964844,133.5044403076172,194.36587524414062,285.588623046875,416.0803527832031,113.50904083251953,89.95865631103516
2022-03-18,160.66506958007812,179.3000030517578,135.6875,196.4127960205078,290.6286315917969,420.6375732421875,114.89533996582031,89.95865631103516
2022-03-21,162.0367889404297,180.6699981689453,135.36712646484375,194.67860412597656,289.4001159667969,420.5145568847656,112.2347412109375,89.40910339355469
2022-03-22,165.40725708007812,179.36000061035156,139.13519287109375,196.6307373046875,294.1402282714844,425.4352111816406,110.79680633544922,89.63735961914062
2022-03-23,166.76913452148438,181.80999755859375,137.3756561279297,193.21929931640625,289.7193298339844,419.956298828125,113.22491455078125,88.63169860839844
2022-03-24,170.55108642578125,183.1300048828125,140.1612548828125,195.44105529785156,294.17889404296875,426.2867736816406,112.3380126953125,89.19275665283203
2022-03-25,171.1879425048828,182.3800048828125,140.3690948486328,195.70692443847656,293.77264404296875,428.3686828613281,110.77960968017578,90.3064193725586
2022-03-28,172.05015563964844,179.05999755859375,140.79408264160156,195.7733917236328,300.5635681152344,431.4156494140625,111.7267074584961,91.26699829101562
2022-03-29,175.3422393798828,179.13999938964844,142.08349609375,201.01449584960938,305.1199035644531,436.7525939941406,112.57056427001953,93.94483184814453
2022-03-30,174.1763153076172,180.5800018310547,141.48294067382812,196.97921752929688,303.62054443359375,434.0557556152344,113.44877624511719,93.26477813720703
2022-03-31,171.08016967773438,180.64999389648438,138.51231384277344,194.89987182617188,298.2515869140625,427.3751220703125,113.72428894042969,92.12561798095703
2022-04-01,170.7862548828125,179.5,139.55426025390625,197.0836944580078,299.32537841796875,428.5862731933594,114.15719604492188,93.91934204101562
2022-04-04,174.83274841308594,180.3699951171875,142.4728240966797,197.40650939941406,304.69427490234375,432.25787353515625,113.36386108398438,93.46028137207031
2022-04-05,171.5210723876953,179.24000549316406,139.914306640625,192.73504638671875,300.73779296875,426.7978515625,110.80268096923828,93.00122833251953
2022-04-06,168.35635375976562,179.66000366210938,136.05894470214844,190.00054931640625,289.7289733886719,422.53009033203125,109.90584564208984,94.1063461303711
2022-04-07,168.66009521484375,180.33999633789062,135.35374450683594,189.38340759277344,291.5379333496094,424.6592712402344,109.07796478271484,93.17123413085938
2022-04-08,166.65155029296875,181.47000122070312,132.9192352294922,187.8737030029297,287.28155517578125,423.52374267578125,107.89656829833984,93.32427215576172
2022-04-11,162.39930725097656,182.3699951171875,128.73953247070312,186.61090087890625,275.95361328125,416.2847900390625,106.18913269042969,92.3211441040039
2022-04-12,164.2706756591797,183.77000427246094,127.32913208007812,187.1995849609375,272.8579406738281,414.7423400878906,106.04255676269531,92.18514251708984
2022-04-13,166.95529174804688,184.64999389648438,129.22506713867188,190.76014709472656,278.2366027832031,419.4926452636719,106.25813293457031,92.83971405029297
2022-04-14,161.94859313964844,184.0399932861328,126.2167739868164,188.90866088867188,270.7006530761719,414.26922607421875,104.12813568115234,92.44015502929688
2022-04-18,161.73304748535156,184.61000061035156,126.91900634765625,187.63632202148438,271.36822509765625,414.4395446777344,103.6107177734375,92.06611633300781
2022-04-19,164.01593017578125,181.82000732421875,129.4680633544922,191.37728881835938,275.99224853515625,421.1296691894531,102.8345947265625,94.0723648071289
2022-04-20,163.84934997558594,182.7100067138672,127.20118713378906,192.10838317871094,277.0177001953125,420.8173828125,104.90425109863281,95.63655090332031
2022-04-21,163.05572509765625,182.05999755859375,123.92012786865234,187.80723571777344,271.6487731933594,414.524658203125,104.12813568115234,94.97345733642578
2022-04-22,158.5193328857422,180.2899932861328,118.63996887207031,182.9458770751953,265.09002685546875,403.1504821777344,103.47274017333984,93.3072738647461
2022-04-25,159.58729553222656,177.0500030517578,122.2463607788086,184.05677795410156,271.56170654296875,405.4877624511719,104.50758361816406,93.06924438476562
2022-04-26,153.63021850585938,177.32000732421875,118.53285217285156,178.2554473876953,261.40423583984375,393.7445068359375,105.55965423583984,91.53904724121094
2022-04-27,153.40487670898438,175.97999572753906,114.08387756347656,177.51490783691406,273.98016357421875,394.85162353515625,104.20573425292969,90.93547821044922
2022-04-28,160.3319549560547,176.92999267578125,118.43912506103516,180.82855224609375,280.18096923828125,404.8253479003906,104.3609619140625,92.61019134521484
2022-04-29,154.46302795410156,176.91000366210938,114.03032684326172,175.6063995361328,268.466064453125,389.8647766113281,103.007080078125,88.35968780517578
2022-05-02,154.76678466796875,173.6300048828125,116.20297241210938,177.44842529296875,275.1893615722656,392.2115783691406,101.22158813476562,86.22592163085938
2022-05-03,156.2560272216797,174.08999633789062,117.16756439208984,178.96754455566406,272.587158203125,394.0094909667969,101.9040298461914,87.29704284667969
2022-05-04,162.663818359375,175.8000030517578,121.57685852050781,183.74346923828125,280.5195617675781,406.0082702636719,102.46546173095703,88.30016326904297
2022-05-05,153.60081481933594,175.1300048828125,115.79582214355469,176.29002380371094,268.3016662597656,391.5775146484375,99.65809631347656,85.94538116455078
2022-05-06,154.3269500732422,175.4199981689453,114.71817779541016,173.3561553955078,265.76715087890625,389.2402038574219,98.18958282470703,84.92524719238281
2022-05-09,149.2049560546875,172.8800048828125,112.16315460205078,166.06414794921875,255.94827270507812,376.77783203125,99.05339050292969,81.18480682373047
2022-05-10,151.60894775390625,171.4199981689453,113.65142822265625,166.11158752441406,260.7076721191406,377.6484375,99.95176696777344,79.70562744140625
2022-05-11,143.74932861328125,172.82000732421875,113.03300476074219,161.98138427734375,252.0497283935547,371.6490173339844,101.87808227539062,79.53560638427734
2022-05-12,139.88327026367188,170.1699981689453,112.23953247070312,163.88034057617188,247.01939392089844,371.260986328125,101.68804931640625,80.15618133544922
2022-05-13,144.34788513183594,168.7899932861328,115.56670379638672,169.073974609375,252.60113525390625,380.1370544433594,100.18498229980469,82.27293395996094
2022-05-16,142.807373046875,170.39999389648438,113.85773468017578,168.26693725585938,252.9686737060547,378.59466552734375,100.08135986328125,81.7543716430664
2022-05-17,146.43789672851562,169.3300018310547,115.75118255615234,173.41311645507812,258.1151123046875,386.3824462890625,98.87202453613281,82.8680191040039
2022-05-18,138.17596435546875,169.4199981689453,111.48571014404297,167.33645629882812,246.36326599121094,370.8067626953125,100.97972869873047,80.46223449707031
2022-05-19,134.77114868164062,171.91000366210938,109.84368133544922,167.61178588867188,245.45181274414062,368.5357360839844,101.22158813476562,80.10516357421875
2022-05-20,135.00662231445312,172.02999877929688,108.42285919189453,167.18455505371094,244.889404296875,368.6966552734375,102.3704605102539,80.61524200439453
2022-05-23,140.4229736328125,172.8300018310547,110.75718688964844,169.20697021484375,252.73370361328125,375.594970703125,100.6860580444336,81.55034637451172
2022-05-24,137.72459411621094,174.1300048828125,105.06343078613281,166.70033264160156,251.73501586914062,372.7278137207031,102.67279815673828,82.23892974853516
2022-05-25,137.88160705566406,173.0800018310547,104.9776382446289,169.70066833496094,254.546875,376.02081298828125,103.07877349853516,82.93601989746094
2022-05-26,141.08041381835938,172.75999450683594,107.41413116455078,173.48910522460938,257.8243103027344,383.5342102050781,102.6123046875,83.03803253173828
2022-05-27,146.83038330078125,172.85000610351562,111.88046264648438,178.1605224609375,264.94140625,392.9496154785156,102.86283111572266,85.26530456542969
2022-05-31,146.0453643798828,171.13999938964844,113.1103744506836,175.94825744628906,263.6129150390625,390.7447814941406,100.6860580444336,84.21965789794922
2022-06-01,145.9178466796875,172.22999572753906,113.20758056640625,174.95126342773438,264.1462707519531,387.5842590332031,100.57093811035156,83.5225830078125
2022-06-02,148.3708953857422,174.35000610351562,116.78718566894531,179.22396850585938,266.24066162109375,394.9651794433594,100.62284088134766,84.67022705078125
2022-06-03,142.65036010742188,172.5800018310547,113.63109588623047,177.60983276367188,261.8191833496094,388.4832763671875,100.40650939941406,83.53958129882812
2022-06-06,143.39605712890625,171.82000732421875,116.05767059326172,178.37890625,260.58770751953125,389.6660461425781,98.55467987060547,83.27606201171875
2022-06-07,145.9178466796875,172.94000244140625,116.27489471435547,181.25582885742188,264.2238464355469,393.4038391113281,99.61905670166016,84.42369842529297
2022-06-08,145.1819305419922,172.77999877929688,116.28330993652344,178.4548797607422,262.1972961425781,389.12664794921875,98.73639678955078,82.47695922851562
2022-06-09,139.96180725097656,172.22999572753906,113.98221588134766,174.7554473876953,256.7479553222656,379.8721618652344,99.06522369384766,80.52172088623047
2022-06-10,134.5552520751953,174.5399932861328,110.52013397216797,170.0145721435547,245.30636596679688,368.8575134277344,98.45082092285156,78.73651885986328
2022-06-13,129.40383911132812,169.92999267578125,106.0062026977539,162.02743530273438,234.90220642089844,354.85260009765625,95.36152648925781,74.80052185058594
2022-06-14,130.26730346679688,168.57000732421875,106.32111358642578,161.24684143066406,237.06454467773438,353.7833251953125,94.15869903564453,74.23096466064453
2022-06-15,132.88717651367188,170.77000427246094,109.49158477783203,163.60769653320312,244.1136932373047,358.8269958496094,95.91532135009766,75.99067687988281
2022-06-16,127.6180191040039,172.69000244140625,105.76766204833984,156.0299530029297,237.5299530029297,346.9512939453125,96.67686462402344,73.99293518066406
2022-06-17,129.08981323242188,171.27000427246094,106.98713684082031,157.24850463867188,240.12852478027344,347.6991882324219,96.98839569091797,74.55400848388672
2022-06-21,133.31890869140625,170.6300048828125,111.10285186767578,160.06637573242188,246.03359985351562,356.4520568847656,95.34423065185547,75.59113311767578
2022-06-22,132.8086700439453,171.30999755859375,111.12168884277344,159.76171875,245.44212341308594,355.8058166503906,97.9662094116211,76.5517578125
2022-06-23,135.6738739013672,170.25999450683594,111.76689910888672,161.6752471923828,250.9980926513672,359.2936096191406,98.77099609375,78.0061264038086
2022-06-24,139.00021362304688,170.08999633789062,117.5727310180664,166.6826629638672,259.5696105957031,370.7168884277344,97.40375518798828,79.66584777832031
2022-06-27,139.00021362304688,169.89999389648438,115.6728286743164,167.3014373779297,256.844970703125,369.30096435546875,96.57301330566406,79.5460433959961
2022-06-28,134.8594512939453,169.6199951171875,111.65482330322266,164.15988159179688,248.69039916992188,361.7550354003906,97.02301788330078,78.5793228149414
2022-06-29,136.61582946777344,169.49000549316406,111.34239196777344,162.49391174316406,252.35562133789062,361.4604187011719,98.537353515625,78.0916748046875
2022-06-30,134.15293884277344,168.4600067138672,108.48187255859375,161.227783203125,249.0297088623047,358.5238037109375,99.40270233154297,77.94622802734375
2022-07-01,136.3214569091797,168.32000732421875,108.19275665283203,163.1793670654297,251.69625854492188,362.3157653808594,100.42323303222656,79.34928894042969
2022-07-05,138.90208435058594,164.75,112.9596176147461,164.53114318847656,254.86691284179688,363.0000305175781,101.21228790283203,79.12683868408203
2022-07-06,140.23654174804688,162.13999938964844,114.27530670166016,163.3126220703125,258.1248474121094,364.22601318359375,99.5127944946289,78.98143005371094
2022-07-07,143.60214233398438,162.22999572753906,118.33448028564453,167.1776885986328,260.24835205078125,369.6810607910156,98.6370849609375,79.1952896118164
2022-07-08,144.27919006347656,162.3000030517578,119.1899642944336,167.15863037109375,259.5307922363281,369.3769836425781,97.54459381103516,78.77609252929688
2022-07-11,142.14991760253906,161.42999267578125,115.57365417480469,163.7981414794922,256.4765319824219,365.1573486328125,99.22669219970703,78.60498046875
2022-07-12,143.12132263183594,160.8300018310547,113.91427612304688,163.23648071289062,245.96571350097656,361.92608642578125,99.8163070678711,78.29698181152344
2022-07-13,142.75827026367188,161.60000610351562,111.27345275878906,163.09368896484375,245.04458618164062,360.0254211425781,100.9608154296875,77.92056274414062
2022-07-14,145.68234252929688,159.3300018310547,110.53253173828125,161.41819763183594,246.36326599121094,359.15106201171875,100.13710021972656,77.21906280517578
2022-07-15,147.35043334960938,159.00999450683594,111.84872436523438,164.77867126464844,248.92308044433594,366.0126647949219,100.70069122314453,78.52799987792969
2022-07-18,144.30862426757812,159.16000366210938,109.01500701904297,164.31222534179688,246.52810668945312,362.990478515625,99.65157318115234,77.971923828125
2022-07-19,148.16485595703125,159.5399932861328,113.68663787841797,170.1097869873047,251.6477508544922,372.7982482910156,99.1139907836914,79.99092864990234
2022-07-20,150.1665496826172,158.0399932861328,113.76598358154297,172.77532958984375,254.30453491210938,375.1741943359375,99.37409973144531,79.80271911621094
2022-07-21,152.4331817626953,160.27000427246094,114.10322570800781,173.66067504882812,256.7964782714844,378.9945983886719,101.09086608886719,80.435791015625
2022-07-22,151.19683837890625,160.6699981689453,107.47762298583984,170.890380859375,252.45254516601562,375.47821044921875,102.79033660888672,80.8550033569336
2022-07-25,150.0782012939453,160.22999572753906,107.3288345336914,171.7757568359375,250.9689483642578,375.93438720703125,101.78450775146484,80.99187469482422
2022-07-26,148.75355529785156,160.0399932861328,104.58139038085938,170.71902465820312,244.24945068359375,371.4866943359375,101.86256408691406,81.07743072509766
2022-07-27,153.84613037109375,161.6699981689453,112.67493438720703,174.60316467285156,260.5779724121094,381.13287353515625,101.29032135009766,81.5650863647461
2022-07-28,154.39561462402344,163.63999938964844,113.6568832397461,177.00213623046875,268.0151062011719,385.9132385253906,102.09669494628906,84.20862579345703
2022-07-29,159.4586944580078,164.10000610351562,115.69019317626953,178.2587432861328,272.21356201171875,391.53936767578125,101.8192138671875,84.66207122802734
2022-08-01,158.47747802734375,165.02999877929688,114.53964233398438,178.19210815429688,269.56646728515625,390.3799743652344,104.27139282226562,83.9776382446289
2022-08-02,157.0056610107422,164.0500030517578,114.95622253417969,178.020751953125,266.4733581542969,387.8044738769531,102.0650405883789,82.89969635009766
2022-08-03,163.0107879638672,164.4499969482422,117.8127670288086,180.63870239257812,273.8910217285156,393.8772277832031,103.67201232910156,83.1648941040039
2022-08-04,162.69677734375,167.1699981689453,117.90203094482422,180.25791931152344,275.03515625,393.6111145019531,103.63726806640625,83.03656768798828
2022-08-05,162.47079467773438,165.2899932861328,117.25732421875,181.6383056640625,274.3177185058594,392.9458923339844,101.17035675048828,83.2675552368164
2022-08-08,161.9990997314453,166.69000244140625,117.17797088623047,183.56129455566406,271.8063659667969,392.4897155761719,102.8033447265625,84.01185607910156
2022-08-09,162.04824829101562,167.1999969482422,116.5431900024414,181.0576171875,273.7261962890625,390.9311828613281,102.40380859375,84.47383117675781
2022-08-10,166.29302978515625,166.77999877929688,119.66754150390625,186.22683715820312,280.37786865234375,399.1422424316406,101.73497772216797,85.7571029663086
2022-08-11,165.5561065673828,166.33999633789062,118.84428405761719,186.9217987060547,278.3028259277344,399.1422424316406,99.36357879638672,85.55178833007812
2022-08-12,169.103271484375,167.8699951171875,121.65125274658203,190.7392578125,283.0442810058594,405.8993225097656,100.37117767333984,87.02328491210938
2022-08-15,170.1742401123047,165.7100067138672,121.87937927246094,191.4151611328125,284.5569152832031,407.5719299316406,100.28430938720703,87.3740463256836
2022-08-16,170.0170440673828,165.4199981689453,121.51240539550781,191.3389892578125,283.8199768066406,408.3702392578125,100.70126342773438,87.14305877685547
2022-08-17,171.51055908203125,164.35000610351562,119.34021759033203,188.12132263183594,283.0718078613281,405.4716796875,99.65019989013672,86.6211929321289
2022-08-18,171.11753845214844,163.9199981689453,119.87582397460938,189.36839294433594,281.95440673828125,406.6501159667969,99.79788208007812,86.04800415039062
2022-08-19,168.53335571289062,162.72000122070312,117.15814208984375,185.30343627929688,278.04815673828125,401.1855773925781,98.19090270996094,85.14115142822266
2022-08-22,164.652099609375,161.63999938964844,114.13296508789062,181.48597717285156,269.8860168457031,392.8318786621094,97.86082458496094,83.28467559814453
2022-08-23,164.31802368164062,162.77000427246094,113.83541870117188,181.7810821533203,268.6131286621094,391.88153076171875,97.32225799560547,82.21527099609375
2022-08-24,164.61279296875,163.25,113.76598358154297,183.17100524902344,267.9815368652344,393.135986328125,96.61000061035156,82.68582153320312
2022-08-25,167.0692596435547,163.75,116.74156951904297,186.01744079589844,270.9548645019531,398.6861572265625,97.9563980102539,83.91773986816406
2022-08-26,160.77088928222656,161.75999450683594,110.3936767578125,179.9056854248047,260.4995422363281,385.19091796875,98.69473266601562,81.80461883544922
2022-08-29,158.56988525390625,161.86000061035156,109.44149017333984,178.24923706054688,257.72052001953125,382.64398193359375,97.8781967163086,81.06887817382812
2022-08-30,156.14291381835938,160.50999450683594,109.01500701904297,175.75506591796875,255.5244140625,378.44342041015625,98.12142944335938,79.9481430053711
2022-08-31,154.4823455810547,159.27000427246094,108.26118469238281,174.68881225585938,254.06700134277344,375.56378173828125,97.18329620361328,79.57173156738281
2022-09-01,155.20945739746094,157.8699951171875,109.64978790283203,172.78485107421875,253.02728271484375,376.74224853515625,95.40406799316406,79.71714782714844
2022-09-02,153.09686279296875,159.25999450683594,107.79499816894531,171.44256591796875,248.81016540527344,372.769775390625,95.9437255859375,78.60498046875
2022-09-06,151.8391571044922,158.3300018310547,106.60478210449219,169.74803161621094,246.0797119140625,371.3631896972656,93.56732940673828,79.31507110595703
2022-09-07,153.24429321289062,159.94000244140625,109.58035278320312,173.4417266845703,250.78265380859375,378.03466796875,95.0471420288086,80.86354064941406
2022-09-08,151.7703857421875,158.97999572753906,108.52899169921875,174.88873291015625,251.2004852294922,380.5057067871094,94.07220458984375,81.08598327636719
2022-09-09,154.62973022460938,159.82000732421875,110.86975860595703,178.40158081054688,256.97235107421875,386.4169616699219,94.2811050415039,81.9671630859375
2022-09-12,160.58416748046875,160.6300048828125,110.95903778076172,180.5625457763672,259.10028076171875,390.570068359375,93.50640106201172,82.7627944946289
2022-09-13,151.16119384765625,158.5399932861328,104.45244598388672,173.4988555908203,244.85537719726562,373.5870361328125,93.72400665283203,79.59738159179688
2022-09-14,152.60557556152344,157.92999267578125,105.00789642333984,174.17474365234375,245.07887268066406,375.0125732421875,94.04610443115234,78.69054412841797
2022-09-15,149.71676635742188,154.97999572753906,103.05393981933594,172.90858459472656,238.43255615234375,370.7549133300781,93.98514556884766,77.23615264892578
2022-09-16,148.07586669921875,155.83999633789062,102.78612518310547,170.3953857421875,237.81065368652344,367.9264831542969,93.20171356201172,77.24472045898438
2022-09-19,151.79002380371094,155.9600067138672,103.00434112548828,171.8518829345703,237.5968780517578,370.7797546386719,93.41935729980469,77.13349151611328
2022-09-20,154.1678924560547,155.07000732421875,101.00080108642578,169.51004028320312,235.5854949951172,366.52374267578125,92.48794555664062,75.2599105834961
2022-09-21,151.04327392578125,155.7899932861328,99.19560241699219,166.9206085205078,232.18458557128906,360.13018798828125,94.03740692138672,74.07074737548828
2022-09-22,150.08035278320312,155.6999969482422,99.75105285644531,163.16030883789062,234.15711975097656,357.1051330566406,91.63487243652344,73.12969207763672
2022-09-23,147.81056213378906,153.00999450683594,98.3624496459961,159.27621459960938,231.1837158203125,351.1219787597656,92.00917053222656,72.15766143798828
2022-09-26,148.14466857910156,151.22999572753906,98.00537872314453,157.09544372558594,230.72703552246094,347.6483459472656,90.25083923339844,70.1340560913086
2022-09-27,149.11740112304688,151.5399932861328,97.29124450683594,157.6313018798828,229.7164764404297,346.7608947753906,87.87442779541016,69.20008850097656
2022-09-28,147.23085021972656,154.69000244140625,99.9196548461914,162.6167755126953,234.2445831298828,353.5838623046875,90.81661987304688,70.63563537597656
2022-09-29,139.99899291992188,154.66000366210938,97.29124450683594,158.970947265625,230.77560424804688,346.1979064941406,90.3465805053711,68.5601577758789
2022-09-30,135.79351806640625,154.6699981689453,95.3670425415039,157.8131103515625,226.30589294433594,340.8443908691406,89.18013000488281,69.32978820800781
2022-10-03,139.96951293945312,158.42999267578125,98.49139404296875,161.99478149414062,233.9239044189453,349.8432312011719,90.59717559814453,70.56644439697266
2022-10-04,143.55596923828125,160.6999969482422,101.57606506347656,168.4156494140625,241.83343505859375,360.6836853027344,90.34410858154297,71.99334716796875
2022-10-05,143.8507537841797,159.80999755859375,101.38761901855469,167.17164611816406,242.14434814453125,359.8439025878906,89.48031616210938,70.58374786376953
2022-10-06,142.89761352539062,159.6300048828125,101.40745544433594,166.23390197753906,239.8026123046875,356.1318054199219,88.98291015625,68.62067413330078
2022-10-07,137.650634765625,157.8800048828125,98.75919342041016,161.34410095214844,227.6079559326172,346.1979064941406,88.11910247802734,66.96894836425781
2022-10-10,137.97488403320312,155.47999572753906,97.90619659423828,160.44459533691406,222.75921630859375,343.5545654296875,86.74920654296875,66.337646484375
2022-10-11,136.5598907470703,155.16000366210938,97.25157165527344,160.49246215820312,219.02793884277344,341.37884521484375,87.13313293457031,67.0121841430664
2022-10-12,135.9311065673828,155.99000549316406,97.49954986572266,160.05230712890625,219.35830688476562,340.25286865234375,87.56068420410156,66.31169891357422
2022-10-13,140.50013732910156,154.91000366210938,98.89806365966797,164.01390075683594,227.6079559326172,349.2324523925781,86.7230224609375,67.52239990234375
2022-10-14,135.97039794921875,152.97999572753906,96.38866424560547,159.6216583251953,222.0887451171875,341.27398681640625,86.00753784179688,65.84474182128906
2022-10-17,139.93019104003906,153.4199981689453,99.95934295654297,164.71241760253906,230.80479431152344,350.04364013671875,85.58870697021484,68.32666015625
2022-10-18,141.24688720703125,153.75,100.56437683105469,166.66448974609375,231.74732971191406,354.1564636230469,85.78941345214844,69.07037353515625
2022-10-19,141.35499572753906,151.69000244140625,99.47333526611328,163.83206176757812,229.7845001220703,351.6466979980469,84.22752380371094,67.34944915771484
2022-10-20,140.89315795898438,151.4499969482422,99.71138000488281,161.7460174560547,229.4638214111328,348.69805908203125,82.78780364990234,67.05542755126953
2022-10-21,144.70559692382812,154.14999389648438,100.65364074707031,165.25784301757812,235.2648468017578,357.1719970703125,81.29573059082031,67.58293914794922
2022-10-24,146.84759521484375,153.64999389648438,102.13151550292969,165.96595764160156,240.2495880126953,361.5425109863281,80.62388610839844,67.57429504394531
2022-10-25,149.68731689453125,154.0,104.0755386352539,170.49215698242188,243.56301879882812,367.3157958984375,82.97103118896484,70.22917938232422
2022-10-26,146.7493896484375,154.97999572753906,94.04786682128906,171.33421325683594,224.7706298828125,364.5484313964844,84.16645050048828,70.18594360351562
2022-10-27,142.2786102294922,154.74000549316406,91.84595489501953,171.37249755859375,220.3299560546875,362.60174560546875,85.04772186279297,70.28972625732422
2022-10-28,153.02810668945312,153.16000366210938,95.79354095458984,175.26707458496094,229.19178771972656,371.22821044921875,84.46311950683594,71.83768463134766
2022-10-31,150.66989135742188,151.91000366210938,93.8891830444336,175.42977905273438,225.5576629638672,368.5467834472656,83.86105346679688,71.7598648071289
2022-11-01,148.02674865722656,153.4600067138672,89.76304626464844,175.66900634765625,221.7097930908203,366.9340515136719,84.64481353759766,71.7339096069336
2022-11-02,142.5045928955078,152.38999938964844,86.3609848022461,169.84141540527344,213.86831665039062,357.7254638671875,84.27740478515625,69.76220703125
2022-11-03,136.46170043945312,151.80999755859375,82.81013488769531,168.7027130126953,208.18389892578125,354.0420227050781,83.82257080078125,69.66706848144531
2022-11-04,136.1959991455078,156.47000122070312,85.9939956665039,170.9801483154297,215.12173461914062,359.1377258300781,82.41429901123047,70.61833190917969
2022-11-07,136.72743225097656,155.85000610351562,87.92813110351562,171.75526428222656,221.41830444335938,362.5731201171875,81.59207916259766,70.61833190917969
2022-11-08,137.29827880859375,159.4499969482422,88.1860122680664,171.82220458984375,222.38998413085938,364.52935791015625,82.48429107666016,70.83453369140625
2022-11-09,132.74136352539062,158.64999389648438,86.68830108642578,167.10467529296875,218.15342712402344,357.019287109375,82.75543975830078,70.10811614990234
2022-11-10,144.5519561767578,163.47999572753906,93.4031753540039,177.3914337158203,236.1004638671875,376.63897705078125,85.9393539428711,75.23629760742188
2022-11-11,147.3372802734375,164.55999755859375,95.94232177734375,178.84593200683594,240.11354064941406,380.2842102050781,85.62445831298828,75.22764587402344
2022-11-14,145.93968200683594,164.9199981689453,95.2480239868164,176.8459930419922,234.71095275878906,377.04931640625,85.41453552246094,73.39427947998047
2022-11-15,147.6719207763672,165.5,97.91610717773438,179.46795654296875,235.1190948486328,380.2651062011719,86.79657745361328,74.18990325927734
2022-11-16,146.44163513183594,165.1199951171875,98.18391418457031,176.31011962890625,235.5478057861328,377.3641662597656,88.69464874267578,73.51537322998047
2022-11-17,148.34120178222656,163.9199981689453,97.69791412353516,174.67384338378906,235.4990692138672,376.2095031738281,87.75873565673828,73.01377868652344
2022-11-18,148.9021759033203,162.7899932861328,97.00360870361328,175.80296325683594,235.0508575439453,377.9176940917969,87.15518951416016,73.93910217285156
2022-11-21,145.6739501953125,161.8800048828125,95.0496597290039,174.88433837890625,235.85963439941406,376.5435485839844,87.52254486083984,74.32826232910156
2022-11-22,147.8096923828125,162.07000732421875,96.53742218017578,176.75033569335938,238.763427734375,381.6107177734375,88.76464080810547,74.73472595214844
2022-11-23,148.6856689453125,163.0800018310547,98.01529693603516,177.2095947265625,241.24819946289062,384.01544189453125,90.31282043457031,74.79524993896484
2022-11-25,145.77239990234375,163.22000122070312,96.80522918701172,177.5828094482422,241.16050720214844,383.9295959472656,90.00670623779297,75.2708969116211
2022-11-28,141.94378662109375,161.92999267578125,95.46622467041016,174.0039825439453,235.5770263671875,377.80322265625,90.26039123535156,73.25593566894531
2022-11-29,138.94190979003906,162.72999572753906,94.66282653808594,174.5111541748047,234.18360900878906,377.1542663574219,89.20196533203125,74.46662902832031
2022-11-30,145.69361877441406,164.80999755859375,100.62388610839844,179.295654296875,248.61485290527344,389.03485107421875,89.85800170898438,76.17024230957031
2022-12-01,145.96923828125,167.83999633789062,100.45527648925781,178.9033660888672,248.1763458251953,388.7486267089844,92.72856140136719,76.00595092773438
2022-12-02,145.4770965576172,167.25999450683594,100.00894165039062,179.94638061523438,248.49794006347656,388.30010986328125,93.89472961425781,75.78109741210938
2022-12-05,144.31576538085938,164.38999938964844,99.05674743652344,174.9895782470703,243.8011932373047,381.31488037109375,92.57955169677734,74.3974609375
2022-12-06,140.65444946289062,164.83999633789062,96.51758575439453,172.3102569580078,238.8511199951172,375.8183288574219,93.77198028564453,73.69696807861328
2022-12-07,138.71556091308594,166.3300018310547,94.37519073486328,171.8031005859375,238.12030029296875,375.17889404296875,95.98145294189453,73.84398651123047
2022-12-08,140.39854431152344,166.47000122070312,93.18495178222656,173.0470733642578,241.07281494140625,378.1180419921875,95.71842956542969,74.36283874511719
2022-12-09,139.91627502441406,167.05999755859375,92.31211853027344,170.92276000976562,239.14344787597656,375.2934265136719,93.22834014892578,74.22449493408203
2022-12-12,142.20953369140625,165.67999267578125,92.79814147949219,172.93223571777344,246.05210876464844,380.70416259765625,93.52648162841797,74.79524993896484
2022-12-13,143.17404174804688,168.50999450683594,95.06948852539062,174.36463928222656,250.3493194580078,383.5860290527344,94.42955780029297,76.17890930175781
2022-12-14,140.94972229003906,168.10000610351562,94.53387451171875,173.2206573486328,250.64169311523438,381.1335144042969,94.83289337158203,75.66004180908203
2022-12-15,134.34564208984375,165.35000610351562,90.45735931396484,168.8850555419922,242.64161682128906,371.81036376953125,95.20289611816406,74.64823150634766
2022-12-16,132.3870391845703,166.7899932861328,90.1201171875,167.62571716308594,238.43209838867188,367.4207458496094,94.13941192626953,72.71976470947266
2022-12-19,130.28079223632812,166.32000732421875,88.4240493774414,165.3570098876953,234.30055236816406,364.30517578125,92.55740356445312,71.79444122314453
2022-12-20,130.2119140625,169.0800018310547,88.90013122558594,166.2318115234375,235.61602783203125,364.8036804199219,90.91383361816406,71.61283874511719
2022-12-21,133.31219482421875,168.8000030517578,89.51509094238281,169.09657287597656,238.1787567138672,370.25836181640625,91.14237213134766,72.22683715820312
2022-12-22,130.1430206298828,166.75999450683594,87.54129028320312,166.88552856445312,232.09835815429688,364.9761962890625,91.12481689453125,71.92339324951172
2022-12-23,129.77886962890625,167.25999450683594,89.07867431640625,167.64498901367188,232.62454223632812,367.0756530761719,89.7888412475586,72.56361389160156
2022-12-27,127.97772979736328,168.6699981689453,87.21398162841797,166.5202178955078,230.89981079101562,365.6280822753906,88.01346588134766,72.53730773925781
2022-12-28,124.05072784423828,167.91000366210938,85.75595092773438,163.93426513671875,228.53196716308594,361.0840759277344,87.49490356445312,71.30072021484375
2022-12-29,127.56436920166016,168.85000610351562,88.22566986083984,168.08718872070312,234.84620666503906,367.5837097167969,88.48806762695312,72.86178588867188
2022-12-30,127.87930297851562,169.63999938964844,88.0074691772461,167.6161346435547,233.6866912841797,366.615478515625,87.50369262695312,72.33557891845703
2023-01-03,123.09603118896484,171.05999755859375,88.96955871582031,166.69326782226562,233.45278930664062,365.072021484375,89.17361450195312,72.40574645996094
2023-01-04,124.36566925048828,172.6699981689453,87.98762512207031,168.7697296142578,223.24085998535156,367.8905334472656,90.39527893066406,74.04574584960938
2023-01-05,123.04679870605469,170.52000427246094,86.06342315673828,166.96240234375,216.6244659423828,363.691650390625,90.77320098876953,72.05494689941406
2023-01-06,127.5741958618164,173.7100067138672,87.44210815429688,170.71160888671875,219.17745971679688,372.0318298339844,92.4431381225586,73.99313354492188
2023-01-09,128.09584045410156,174.10000610351562,88.07689666748047,170.99998474121094,221.3114471435547,371.8209228515625,92.93531799316406,74.0194320678711
2023-01-10,128.66668701171875,174.74000549316406,88.51332092285156,173.5282440185547,222.99722290039062,374.4284362792969,91.39722442626953,74.1860580444336
2023-01-11,131.38314819335938,174.6199951171875,91.50872802734375,175.69125366210938,229.7402801513672,379.1641540527344,92.88260650634766,76.8434066772461
2023-01-12,131.30438232421875,176.63999938964844,91.16157531738281,178.64251708984375,232.41017150878906,380.54461669921875,94.710693359375,77.81687927246094
2023-01-13,132.63307189941406,178.75999450683594,92.04432678222656,179.8153076171875,233.11175537109375,382.0209655761719,93.82302856445312,77.33451843261719
2023-01-17,133.79444885253906,177.58999633789062,91.40953063964844,179.59420776367188,234.20310974121094,381.32110595703125,93.21656036376953,77.55377960205078
2023-01-18,133.07598876953125,177.0800018310547,91.03262329101562,176.6910400390625,229.7792205810547,375.30078125,95.47534942626953,76.42243957519531
2023-01-19,133.13502502441406,179.88999938964844,93.1452865600586,174.99905395507812,225.99844360351562,372.5686950683594,94.8777084350586,76.00148010253906
2023-01-20,135.69400024414062,179.2899932861328,98.4715576171875,177.883056640625,234.076416015625,379.50933837890625,93.339599609375,76.90477752685547
2023-01-23,138.88284301757812,179.6300048828125,100.38583374023438,180.08447265625,236.37608337402344,384.0628356933594,92.90015411376953,77.25559997558594
2023-01-24,140.2804412841797,180.27999877929688,98.40213012695312,179.699951171875,235.84991455078125,383.650634765625,94.23611450195312,77.44853210449219
2023-01-25,139.62103271484375,181.11000061035156,95.94232177734375,180.19981384277344,234.45648193359375,383.7944641113281,94.4646224975586,77.4836196899414
2023-01-26,141.68789672851562,179.47000122070312,98.35253143310547,181.2669219970703,241.657470703125,388.01251220703125,94.02516174316406,78.35186004638672
2023-01-27,143.6267547607422,179.22000122070312,99.8899154663086,182.2474365234375,241.81336975097656,388.9040222167969,93.78787231445312,79.22886657714844
2023-01-30,140.74302673339844,178.75999450683594,97.15238189697266,179.70956420898438,236.5027618408203,384.0245361328125,93.4450912475586,78.2203140258789
2023-01-31,142.01268005371094,179.41000366210938,99.05674743652344,184.07394409179688,241.4722900390625,389.67095947265625,94.19214630126953,79.86030578613281
2023-02-01,143.13465881347656,181.6699981689453,100.60404968261719,186.96754455566406,246.28598022460938,393.8122863769531,95.324462890625,80.3514404296875
2023-02-02,148.4396209716797,177.89999389648438,107.9140396118164,190.6494140625,257.83294677734375,399.5450134277344,95.44784545898438,82.17561340332031
2023-02-03,152.06153869628906,173.4600067138672,104.36318969726562,189.370849609375,251.7427520751953,395.2982482910156,94.02030181884766,80.63207244873047
2023-02-06,149.3352813720703,173.82000732421875,102.62742614746094,186.63108825683594,250.2031707763672,392.8824462890625,93.32420349121094,80.04448699951172
2023-02-07,152.2091522216797,173.97999572753906,107.16021728515625,188.01536560058594,260.7171630859375,398.0207214355469,92.57521057128906,79.86907958984375
2023-02-08,149.52224731445312,174.41000366210938,99.1856918334961,185.26600646972656,259.9084167480469,393.6684875488281,93.01580047607422,79.49195861816406
2023-02-09,148.4888153076172,173.02999877929688,94.68265533447266,182.58392333984375,256.87799072265625,390.2557373046875,92.13463592529297,78.62373352050781
2023-02-10,148.85354614257812,173.36000061035156,94.08753967285156,182.94923400878906,256.3713073730469,391.16644287109375,91.10369110107422,78.89559936523438
2023-02-13,151.6529998779297,172.47999572753906,94.22640991210938,185.15065002441406,264.381103515625,395.75836181640625,91.87028503417969,79.59719848632812
2023-02-14,151.0122833251953,172.61000061035156,94.17681884765625,185.0641326904297,265.20928955078125,395.5762023925781,91.6588134765625,78.96575927734375
2023-02-15,153.11187744140625,170.88999938964844,96.30929565429688,186.93870544433594,263.0895080566406,396.8608093261719,90.8040771484375,79.28148651123047
2023-02-16,151.51495361328125,170.75,95.00005340576172,185.15065002441406,256.08538818359375,391.396484375,89.517578125,78.50971221923828
2023-02-17,150.37155151367188,171.25999450683594,93.81974029541016,185.66015625,252.08999633789062,390.4186706542969,90.21369171142578,78.2027587890625
2023-02-21,146.35968017578125,170.6199951171875,91.3004379272461,180.18060302734375,246.82469177246094,382.5865478515625,88.46018981933594,76.63291931152344
2023-02-22,146.78355407714844,169.66000366210938,91.05247497558594,180.67091369628906,245.6915283203125,382.059326171875,89.27085876464844,75.9400863647461
2023-02-23,147.26654052734375,169.57000732421875,90.32841491699219,181.95904541015625,248.87612915039062,384.09161376953125,90.14322662353516,76.51014709472656
2023-02-24,144.6149444580078,168.35000610351562,88.6224136352539,180.25747680664062,243.45452880859375,379.9886779785156,88.97127532958984,75.16831970214844
2023-02-27,145.80767822265625,169.00999450683594,89.3663101196289,180.89199829101562,244.37278747558594,381.2828063964844,89.21797943115234,75.2823257446289
2023-02-28,145.3049774169922,169.77999877929688,89.5646743774414,180.90158081054688,243.64990234375,379.8735656738281,89.62329864501953,75.17709350585938
2023-03-01,143.2349395751953,170.75999450683594,89.7729721069336,181.13232421875,240.57276916503906,378.4164733886719,88.66048431396484,74.22991943359375
2023-03-02,143.8263702392578,170.66000366210938,91.55830383300781,181.5648956298828,245.30079650878906,381.35943603515625,87.87431335449219,75.09814453125
2023-03-03,148.87322998046875,172.49000549316406,93.2543716430664,184.09317016601562,249.38406372070312,387.47564697265625,90.0031509399414,76.23826599121094
2023-03-06,151.63327026367188,171.6199951171875,94.80168914794922,181.4014892578125,250.9275360107422,387.74407958984375,89.30531311035156,75.9400863647461
2023-03-07,149.43508911132812,168.6199951171875,93.4031753540039,179.2961883544922,248.27049255371094,381.80035400390625,89.85299682617188,74.16854095458984
2023-03-08,150.6869659423828,168.5399932861328,93.87925720214844,179.38272094726562,247.8308868408203,382.4235534667969,89.94132995605469,75.01923370361328
2023-03-09,148.43955993652344,170.1999969482422,91.90546417236328,174.39346313476562,246.48281860351562,375.3679504394531,90.16214752197266,73.30028533935547
2023-03-10,146.37936401367188,173.8699951171875,90.2688980102539,169.36572265625,242.839111328125,369.9515075683594,93.27149963378906,70.87097930908203
2023-03-13,148.32127380371094,177.86000061035156,90.91361999511719,166.6067352294922,248.04579162597656,369.42437744140625,93.48350524902344,71.80062103271484
2023-03-14,150.41098022460938,176.8300018310547,93.48250579833984,169.6925811767578,254.75680541992188,375.5308837890625,91.94650268554688,72.49345397949219
2023-03-15,150.80528259277344,178.2100067138672,95.7637939453125,166.89515686035156,259.2991943359375,373.1822204589844,93.72199249267578,72.4408187866211
2023-03-16,153.62442016601562,178.57000732421875,100.24697875976562,169.17347717285156,269.8103942871094,379.7297668457031,92.98880767822266,72.28296661376953
2023-03-17,152.7865753173828,183.77000427246094,101.62566375732422,164.607177734375,272.9656066894531,375.2897033691406,94.38450622558594,70.64295196533203
2023-03-20,155.15228271484375,183.83999633789062,101.0999755859375,166.74131774902344,265.9322204589844,378.89837646484375,93.55416107177734,71.44981384277344
2023-03-21,157.00543212890625,180.3699951171875,104.9781265258789,169.81753540039062,267.44635009765625,383.8735046386719,92.7503433227539,71.13407897949219
2023-03-22,155.57615661621094,183.44000244140625,103.37133026123047,165.00132751464844,265.99078369140625,377.32977294921875,93.98702239990234,68.47675323486328
2023-03-23,156.6604461669922,185.74000549316406,105.39472198486328,164.26901245117188,271.2365417480469,378.349853515625,93.98702239990234,68.04700469970703
2023-03-24,157.96157836914062,183.64999389648438,105.19634246826172,165.75485229492188,274.0792541503906,380.83258056640625,94.38450622558594,69.79203033447266
2023-03-27,156.01974487304688,181.9499969482422,102.22077941894531,167.59779357910156,269.9862060546875,381.544677734375,92.16732788085938,69.71231079101562
2023-03-28,155.39871215820312,183.44000244140625,100.53461456298828,167.35658264160156,268.8628234863281,380.6882629394531,92.33515167236328,69.54401397705078
2023-03-29,158.4741668701172,182.52999877929688,101.07022094726562,169.25738525390625,274.0206298828125,386.2215576171875,92.149658203125,71.08531188964844
2023-03-30,160.0414581298828,184.17999267578125,100.49494934082031,169.0258026123047,277.4787292480469,388.4829406738281,92.57366180419922,72.0154037475586
2023-03-31,162.545166015625,183.22000122070312,103.15311431884766,172.13267517089844,281.6304016113281,393.9584045410156,93.96051025390625,73.55668640136719
2023-04-03,163.7970428466797,184.5399932861328,104.05572509765625,172.20986938476562,280.585205078125,395.4596252441406,94.40238952636719,72.97205352783203
2023-04-04,163.2647705078125,187.97999572753906,104.2640151977539,169.18983459472656,280.5363464355469,393.265625,94.87175750732422,72.87460327148438
2023-04-05,161.42144775390625,187.8300018310547,104.09537506103516,167.53025817871094,277.76202392578125,392.2358703613281,95.86360168457031,72.48487854003906
2023-04-06,162.30859375,186.49000549316406,108.01322174072266,167.7811279296875,284.8540954589844,393.7659606933594,96.11155700683594,72.98091888427734
2023-04-10,159.71617126464844,185.11000061035156,106.0791015625,169.57577514648438,282.69525146484375,394.1701354980469,94.56180572509766,73.3175048828125
2023-04-11,158.5037384033203,186.27999877929688,105.25586700439453,170.91696166992188,276.28692626953125,394.2760314941406,94.75664520263672,73.62755584716797
2023-04-12,157.8137664794922,187.19000244140625,104.36318969726562,169.66261291503906,276.9317321777344,392.6689453125,94.65922546386719,73.27323150634766
2023-04-13,163.19577026367188,189.72000122070312,107.30899810791016,171.91075134277344,283.1348571777344,397.8846435546875,93.91532135009766,73.0517807006836
2023-04-14,162.85076904296875,186.36000061035156,108.56865692138672,170.30906677246094,279.5203857421875,396.9127197265625,93.05633544921875,71.91795349121094
2023-04-17,162.87046813964844,185.52999877929688,105.55341339111328,172.49932861328125,282.1188659667969,398.3369445800781,91.94935607910156,73.41496276855469
2023-04-18,164.0927734375,186.25,104.2640151977539,171.7660369873047,281.6988220214844,398.5967102050781,92.2770004272461,73.24665069580078
2023-04-19,165.2362060546875,185.36000061035156,104.16481018066406,171.9879608154297,281.77703857421875,398.5293884277344,92.18843841552734,73.6806869506836
2023-04-20,164.27020263671875,186.08999633789062,105.03764343261719,171.1002655029297,279.4910888671875,396.3545837402344,92.97664642333984,72.954345703125
2023-04-21,162.66346740722656,184.25,105.04756927490234,171.3221893310547,279.14923095703125,396.6625671386719,92.45413970947266,72.96319580078125
2023-04-24,162.9690399169922,184.80999755859375,105.91046905517578,171.2064208984375,275.25146484375,397.0763244628906,93.34857177734375,72.68859100341797
2023-04-25,161.4313201904297,185.75,103.7581558227539,166.9803009033203,269.04840087890625,390.7731628417969,94.72118377685547,71.97110748291016
2023-04-26,161.42144775390625,184.74000549316406,103.59944915771484,165.36895751953125,288.5368957519531,389.1180419921875,93.7116470336914,71.28018188476562
2023-04-27,166.00506591796875,184.75,107.48754119873047,167.57850646972656,297.77801513671875,396.8646240234375,92.78180694580078,72.89231872558594
2023-04-28,167.25692749023438,184.8000030517578,107.33876037597656,169.0450897216797,300.1518249511719,400.2519226074219,94.2784194946289,73.7869873046875
2023-05-01,167.16822814941406,183.97000122070312,106.8329086303711,169.14158630371094,298.4911804199219,399.8477783203125,91.5599365234375,73.23780059814453
2023-05-02,166.13319396972656,187.52000427246094,105.11699676513672,165.66806030273438,298.3446044921875,395.3536682128906,93.84162139892578,71.99768829345703
2023-05-03,165.0587615966797,189.11000061035156,105.25586700439453,166.27593994140625,297.3580017089844,392.64007568359375,94.36544036865234,71.71422576904297
2023-05-04,163.42245483398438,190.44000244140625,104.353271484375,164.41372680664062,298.3446044921875,389.8589782714844,93.4332275390625,72.30770111083984
2023-05-05,171.0913848876953,187.4600067138672,105.35008239746094,168.32144165039062,303.4634094238281,397.0763244628906,93.12251281738281,73.51238250732422
2023-05-08,171.02236938476562,187.69000244140625,107.35859680175781,167.93548583984375,301.5096740722656,397.1821594238281,91.8174057006836,73.08721160888672
2023-05-09,169.31710815429688,189.02000427246094,107.06103515625,167.4337615966797,299.8977966308594,395.44036865234375,91.48892974853516,72.77718353271484
2023-05-10,171.08152770996094,188.75,111.36569213867188,168.28286743164062,305.0849914550781,397.2879638671875,92.3767318725586,73.4769515991211
2023-05-11,171.26882934570312,187.1300048828125,115.94807434082031,166.9899444580078,302.9358825683594,396.5951843261719,93.35332489013672,72.6708755493164
2023-05-12,170.34095764160156,186.80999755859375,116.95976257324219,166.65220642089844,301.8222351074219,396.07550048828125,92.5720443725586,72.66202545166016
2023-05-15,169.84739685058594,187.2100067138672,116.00758361816406,168.68809509277344,302.3009033203125,397.44195556640625,91.61320495605469,72.53799438476562
2023-05-16,169.84739685058594,184.8699951171875,119.11209106445312,166.22769165039062,304.5281677246094,394.7859802246094,91.33798217773438,70.72212219238281
2023-05-17,170.45938110351562,184.22999572753906,120.49076843261719,169.93276977539062,307.40643310546875,399.5782775878906,91.0716552734375,71.67877960205078
2023-05-18,172.78892517089844,181.83999633789062,122.51415252685547,170.96519470214844,311.8315124511719,403.42755126953125,90.39689636230469,71.33331298828125
2023-05-19,172.8975067138672,183.63999938964844,122.2463607788086,169.92315673828125,311.6552734375,402.8404846191406,89.75768280029297,71.21817779541016
2023-05-22,171.94989013671875,183.2100067138672,124.84503936767578,171.99761962890625,314.4356994628906,403.0041198730469,89.43807220458984,71.65221405029297
2023-05-23,169.34397888183594,183.42999267578125,122.2860336303711,171.18710327148438,308.63995361328125,398.4812927246094,89.6955337524414,70.97901153564453
2023-05-24,169.62042236328125,181.9499969482422,120.64947509765625,169.37315368652344,307.2596130371094,395.5943908691406,89.25161743164062,69.45543670654297
2023-05-25,170.7555389404297,180.1999969482422,123.33740997314453,168.05128479003906,319.0761413574219,399.0201110839844,89.02969360351562,69.44658660888672
2023-05-26,173.16400146484375,180.9199981689453,124.40861511230469,169.96173095703125,325.8998107910156,404.187744140625,89.74881744384766,70.24380493164062
2023-05-30,175.00985717773438,182.0399932861328,123.62503814697266,169.3345489501953,324.25506591796875,404.3416748046875,90.6455078125,70.50953674316406
2023-05-31,174.9604949951172,182.32000732421875,122.36539459228516,167.6653289794922,321.49432373046875,402.0995178222656,91.43562316894531,70.86386108398438
2023-06-01,177.7637939453125,183.75999450683594,123.35725402832031,169.4792938232422,325.59625244140625,405.91986083984375,91.79439544677734,70.87271118164062
2023-06-02,178.61270141601562,181.0500030517578,124.21025085449219,175.6255340576172,328.3570251464844,411.78997802734375,90.78849792480469,72.60002136230469
2023-06-05,177.2603759765625,182.13999938964844,125.59883880615234,173.27122497558594,328.8857727050781,411.0008544921875,90.6193618774414,72.09510803222656
2023-06-06,176.89520263671875,182.33999633789062,126.86842346191406,177.83505249023438,326.6731872558594,411.8958435058594,91.1534652709961,72.7860336303711
2023-06-07,175.52313232421875,180.14999389648438,121.93889617919922,181.16246032714844,316.58953857421875,410.4716491699219,89.80040740966797,74.12358856201172
2023-06-08,178.23760986328125,182.52999877929688,121.67108154296875,180.48516845703125,318.4300231933594,412.9543762207031,90.85081481933594,73.6629867553711
2023-06-09,178.6226043701172,182.0399932861328,121.86946105957031,179.02413940429688,319.9278869628906,413.6953430175781,90.72618865966797,73.23780059814453
2023-06-12,181.41598510742188,181.8800048828125,123.33740997314453,179.7691650390625,324.881591796875,417.44830322265625,90.99321746826172,73.2554931640625
2023-06-13,180.94224548339844,180.5399932861328,123.41676330566406,181.83006286621094,327.2703857421875,420.2005310058594,90.09415435791016,73.72498321533203
2023-06-14,181.57394409179688,180.63999938964844,123.36714935302734,179.8756103515625,330.2563781738281,420.7008972167969,90.81520080566406,73.99958038330078
2023-06-15,183.6073455810547,181.91000366210938,124.76568603515625,181.35594177246094,340.7904052734375,425.9165954589844,91.68756866455078,74.38934326171875
2023-06-16,182.53140258789062,181.6300048828125,123.04976654052734,179.90463256835938,335.1415710449219,424.4658508300781,91.33151245117188,74.336181640625
2023-06-20,182.6202850341797,179.75,122.84146881103516,179.1209259033203,330.951416015625,422.2636413574219,91.96350860595703,73.4592514038086
2023-06-21,181.58383178710938,179.49000549316406,120.27257537841797,178.70484924316406,326.55572509765625,420.10009765625,92.18605041503906,73.01634979248047
2023-06-22,184.5845489501953,177.7100067138672,122.86132049560547,177.3793487548828,332.5765380859375,421.6165466308594,91.07333374023438,71.97110748291016
2023-06-23,184.2686767578125,178.1999969482422,122.01823425292969,174.7089385986328,327.98504638671875,418.4290771484375,91.9813232421875,70.97901153564453
2023-06-26,182.8769073486328,178.50999450683594,118.12023162841797,174.88307189941406,321.6998291015625,416.719482421875,92.0792465209961,72.61772918701172
2023-06-27,185.63087463378906,177.69000244140625,118.04088592529297,177.4083709716797,327.5445251464844,421.28814697265625,91.83890533447266,73.51238250732422
2023-06-28,186.8054962158203,177.27999877929688,120.09404754638672,178.27915954589844,328.797607421875,421.50067138671875,92.23058319091797,73.6186752319336
2023-06-29,187.14111328125,177.08999633789062,119.03274536132812,180.3303680419922,328.014404296875,423.16192626953125,90.56596374511719,74.44103240966797
2023-06-30,191.46453857421875,178.27000427246094,119.98493194580078,181.1914520263672,333.38909912109375,428.1555480957031,91.6341552734375,74.85309600830078
2023-07-03,189.9740447998047,178.47000122070312,119.57825469970703,181.55911254882812,330.8926696777344,428.6481018066406,91.11466217041016,75.58766174316406
2023-07-05,188.85862731933594,177.83999633789062,121.63141632080078,179.74981689453125,331.0493469238281,428.0106201171875,90.24887084960938,75.75786590576172
2023-07-06,189.33242797851562,177.30999755859375,119.94525909423828,176.84719848632812,334.10382080078125,424.65899658203125,88.97247314453125,75.17559051513672
2023-07-07,188.217041015625,178.63999938964844,119.16168975830078,178.71456909179688,330.1388244628906,423.5868835449219,88.43693542480469,75.0053939819336
2023-07-10,186.17376708984375,178.77999877929688,115.91832733154297,181.77198791503906,324.8619689941406,424.65899658203125,88.5529556274414,75.327880859375
2023-07-11,185.65060424804688,179.4499969482422,116.75148010253906,183.6393585205078,325.48858642578125,427.363525390625,89.00818634033203,76.40283203125
2023-07-12,187.31878662109375,181.8800048828125,118.64591979980469,185.6421356201172,330.1192626953125,430.8019714355469,89.99895477294922,76.81490325927734
2023-07-13,188.07882690429688,182.00999450683594,123.8134994506836,187.14181518554688,335.46466064453125,434.22125244140625,90.9450912475586,77.3075942993164
2023-07-14,188.22689819335938,181.42999267578125,124.67640686035156,185.31317138671875,337.9903564453125,433.9507751464844,90.4095230102539,77.15530395507812
2023-07-17,191.48426818847656,181.55999755859375,124.0416259765625,187.296630859375,338.4701843261719,435.4575500488281,90.45417785644531,76.65365600585938
2023-07-18,191.22763061523438,183.63999938964844,123.06961059570312,189.6090545654297,351.9411926269531,438.69329833984375,90.86475372314453,76.23263549804688
2023-07-19,192.57994079589844,183.6699981689453,121.78018951416016,190.412109375,347.6237487792969,439.6688537597656,91.89122009277344,77.09259796142578
2023-07-20,190.63540649414062,182.74000549316406,118.5566635131836,188.74795532226562,339.5862121582031,436.7518615722656,90.77548217773438,76.84176635742188
2023-07-21,189.4607391357422,182.17999267578125,119.3302993774414,188.14808654785156,336.5513000488281,436.7518615722656,90.80228424072266,77.20008850097656
2023-07-24,190.26028442382812,181.39999389648438,120.88751220703125,188.61253356933594,337.8631286621094,438.70294189453125,90.47201538085938,77.83611297607422
2023-07-25,191.11903381347656,182.41000366210938,121.79011535644531,188.5931396484375,343.6098937988281,439.900634765625,90.30241394042969,77.28070831298828
2023-07-26,191.98768615722656,183.3000030517578,128.6041717529297,190.0832061767578,330.67730712890625,439.9682922363281,90.39168548583984,77.63008880615234
2023-07-27,190.72421264648438,180.4199981689453,128.81248474121094,187.6256103515625,323.77532958984375,437.05126953125,88.63330841064453,75.94598388671875
2023-07-28,193.3004913330078,181.86000061035156,131.92689514160156,190.0541229248047,331.26470947265625,441.33013916015625,89.0885238647461,75.88327026367188
2023-07-31,193.91249084472656,182.35000610351562,132.02606201171875,192.26014709472656,328.8661804199219,442.17047119140625,89.30274200439453,76.37596130371094
2023-08-01,193.08334350585938,180.4600067138672,130.8159942626953,191.37966918945312,329.2773132324219,440.9051818847656,87.8393783569336,76.25055694580078
2023-08-02,190.09246826171875,179.60000610351562,127.59246063232422,188.77699279785156,320.62298583984375,434.7718505859375,86.89955139160156,75.81159210205078
2023-08-03,188.70071411132812,179.5399932861328,127.72142791748047,188.24484252929688,319.8006286621094,433.52581787109375,84.89464569091797,74.98747253417969
2023-08-04,179.6392822265625,180.19000244140625,127.49329376220703,187.86749267578125,320.8970642089844,431.5650939941406,86.3983154296875,74.37831115722656
2023-08-07,176.5398406982422,179.77999877929688,130.8656005859375,187.9932861328125,323.1781311035156,435.3320007324219,85.54805755615234,75.3099594116211
2023-08-08,177.4775848388672,178.63999938964844,130.7664031982422,186.81288146972656,319.203369140625,433.43890380859375,86.54154968261719,74.82621765136719
2023-08-09,175.8883819580078,177.7899932861328,129.09017944335938,185.3519287109375,315.4635925292969,430.5412902832031,86.98905181884766,74.81726837158203
2023-08-10,175.67120361328125,177.60000610351562,129.14968872070312,184.5294952392578,316.1489562988281,430.69580078125,85.55699157714844,74.53060150146484
2023-08-11,175.73049926757812,177.60000610351562,129.11000061035156,184.7907257080078,314.2692565917969,430.4446716308594,85.36007690429688,74.6470718383789
2023-08-14,177.3811798095703,177.05999755859375,130.75653076171875,184.471435546875,317.2356262207031,432.82073974609375,85.17211151123047,74.15437316894531
2023-08-15,175.3944549560547,176.58999633789062,129.2091827392578,182.03321838378906,315.1013488769531,427.7788391113281,84.65300750732422,73.32128143310547
2023-08-16,174.52464294433594,175.57000732421875,128.05862426757812,179.807861328125,314.336181640625,424.6397399902344,83.99068450927734,72.41651916503906
2023-08-17,171.98440551757812,175.3000030517578,129.39764404296875,177.68893432617188,310.8827819824219,421.4040222167969,83.6326675415039,71.83424377441406
2023-08-18,172.46875,175.3300018310547,127.06678771972656,178.656494140625,310.49041748046875,421.60687255859375,83.92803955078125,72.0582046508789
2023-08-21,173.80311584472656,175.80999755859375,127.88011169433594,178.39527893066406,315.78814697265625,424.3499450683594,82.80921936035156,71.39530181884766
2023-08-22,175.17697143554688,176.10000610351562,128.63392639160156,177.86309814453125,316.357177734375,423.2005920410156,83.44470977783203,71.60135650634766
2023-08-23,179.02191162109375,177.88999938964844,132.12527465820312,179.7594757080078,320.8112487792969,427.9140319824219,85.51226043701172,72.73004913330078
2023-08-24,174.3368682861328,177.85000610351562,129.3579864501953,177.27293395996094,313.9143371582031,421.9835205078125,84.9483642578125,72.45233917236328
2023-08-25,176.54100036621094,177.6199951171875,129.62576293945312,178.027587890625,316.8673400878906,424.9584655761719,85.22582244873047,72.50611877441406
2023-08-28,178.10272216796875,178.1300048828125,130.71682739257812,179.61434936523438,317.5736999511719,427.6532897949219,85.31532287597656,73.18689727783203
2023-08-29,181.9871826171875,179.8699951171875,134.38670349121094,182.12026977539062,322.194580078125,433.8349304199219,86.201416015625,74.07374572753906
2023-08-30,185.47630310058594,180.32000732421875,135.8149871826172,182.80728149414062,322.5673522949219,435.6217956542969,86.11190795898438,74.34249114990234
2023-08-31,185.69374084472656,180.02000427246094,136.23155212402344,182.48797607421875,321.556884765625,434.9842834472656,86.4968032836914,73.79605102539062
2023-09-01,187.2653350830078,180.11000061035156,135.68601989746094,184.65525817871094,322.4398193359375,435.795654296875,85.14928436279297,73.92147064208984
2023-09-05,187.50254821777344,178.63999938964844,135.59674072265625,180.7657470703125,327.2373046875,433.9122009277344,83.95528411865234,73.0615005493164
2023-09-06,180.7911834716797,177.8300018310547,134.2676544189453,180.08847045898438,326.5799560546875,430.99517822265625,84.16181182861328,72.90921783447266
2023-09-07,175.50315856933594,178.02000427246094,135.0908966064453,178.34689331054688,323.66619873046875,429.67193603515625,84.39521026611328,73.36607360839844
2023-09-08,176.115966796875,178.0800018310547,136.08277893066406,177.95018005371094,327.943603515625,430.3190612792969,84.71839141845703,73.07942199707031
2023-09-11,177.28228759765625,178.41000366210938,136.6183624267578,178.3759002685547,331.54425048828125,433.1491394042969,84.10791778564453,73.08836364746094
2023-09-12,174.25778198242188,177.49000549316406,134.96197509765625,178.2017364501953,325.490966796875,430.7730407714844,84.59268951416016,73.05253601074219
2023-09-13,172.19198608398438,177.0800018310547,136.3803253173828,177.03103637695312,329.69976806640625,431.2752990722656,84.57474517822266,72.25529479980469
2023-09-14,173.70425415039062,177.1699981689453,137.8582000732422,179.52728271484375,332.28985595703125,434.9939270019531,83.96430206298828,73.56314849853516
2023-09-15,172.98269653320312,178.33999633789062,137.173828125,177.65025329589844,323.9703063964844,429.7530212402344,83.45259094238281,73.28543853759766
2023-09-18,175.9084014892578,179.38999938964844,137.82846069335938,176.46987915039062,322.8322448730469,430.0050048828125,83.92840576171875,72.63152313232422
2023-09-19,176.99566650390625,179.22000122070312,137.69949340820312,175.7829132080078,322.42999267578125,429.1133117675781,83.30895233154297,72.30006408691406
2023-09-20,173.45716857910156,179.35000610351562,133.49400329589844,174.02198791503906,314.69915771484375,425.1683654785156,83.56932830810547,72.36277770996094
2023-09-21,171.9152069091797,178.0500030517578,130.29034423828125,171.32252502441406,313.48260498046875,418.14093017578125,81.42374420166016,69.89930725097656
2023-09-22,172.76524353027344,178.6199951171875,130.18121337890625,170.93551635742188,311.0103454589844,417.20074462890625,82.07905578613281,69.37078857421875
2023-09-25,174.04031372070312,177.6999969482422,131.09371948242188,171.6998748779297,311.5303039550781,418.95513916015625,80.05919647216797,69.30809783935547
2023-09-26,169.9680633544922,176.27999877929688,128.39588928222656,169.49229431152344,306.2325134277344,412.8001403808594,79.78089904785156,68.0450210571289
2023-09-27,168.45578002929688,174.10000610351562,130.38949584960938,171.0767822265625,306.8702087402344,412.9649353027344,79.36796569824219,67.58815002441406
2023-09-28,168.7127685546875,173.22999572753906,132.0458984375,172.62237548828125,307.7041015625,415.35906982421875,79.61031341552734,68.23670959472656
2023-09-29,169.22671508789062,171.4499969482422,130.77633666992188,171.8058624267578,309.7741394042969,414.3510437011719,79.61930084228516,68.4356918334961
2023-10-02,171.73728942871094,169.64999389648438,134.06930541992188,169.21038818359375,315.70965576171875,414.186279296875,78.28646087646484,67.17840576171875
2023-10-03,170.40292358398438,169.16000366210938,132.2145233154297,166.36216735839844,307.45880126953125,408.64190673828125,76.60240173339844,65.86685943603516
2023-10-04,171.64834594726562,169.13999938964844,135.1603546142578,166.43995666503906,312.9234313964844,411.6176452636719,77.68309783935547,66.67188262939453
2023-10-05,172.8838653564453,168.8300018310547,134.8826446533203,166.5663299560547,313.3158264160156,411.4625244140625,77.29585266113281,67.04273986816406
2023-10-06,175.43402099609375,169.6999969482422,137.60031127929688,168.17025756835938,321.06634521484375,416.3478088378906,76.3592529296875,67.22364044189453
2023-10-09,176.91661071777344,172.82000732421875,138.36402893066406,169.142333984375,323.5778503417969,419.01336669921875,78.15138244628906,67.956298828125
2023-10-10,176.3235626220703,172.52999877929688,138.06649780273438,171.05731201171875,322.1749267578125,421.1942138671875,78.04331970214844,68.28190612792969
2023-10-11,177.7172393798828,173.7899932861328,140.5460968017578,170.76571655273438,326.128662109375,422.9195556640625,79.67332458496094,69.46684265136719
2023-10-12,178.61668395996094,173.25999450683594,139.14759826660156,166.90655517578125,324.89251708984375,420.34124755859375,77.51197814941406,68.45377349853516
2023-10-13,176.7782440185547,178.8300018310547,137.45155334472656,165.51644897460938,321.5274353027344,418.2475891113281,78.89884948730469,68.28190612792969
2023-10-16,176.6497344970703,177.9600067138672,139.34597778320312,168.189697265625,326.34454345703125,422.6481018066406,77.62904357910156,69.09597778320312
2023-10-17,175.097900390625,178.2899932861328,139.8419189453125,170.0657958984375,325.77545166015625,422.6286926269531,76.77350616455078,68.9964828491211
2023-10-18,173.80311584472656,180.8699951171875,138.14584350585938,166.5663299560547,323.8623352050781,416.9972229003906,76.09808349609375,67.53117370605469
2023-10-19,173.42750549316406,183.08999633789062,137.8482666015625,163.91253662109375,325.0494689941406,413.333251953125,74.54009246826172,65.93017578125
2023-10-20,170.8773651123047,183.58999633789062,135.6265411376953,161.79339599609375,320.487548828125,408.2542419433594,74.9633560180664,65.4869613647461
2023-10-23,170.99598693847656,182.97000122070312,136.7770538330078,160.4227752685547,323.0873107910156,407.546630859375,75.86392974853516,64.84476470947266
2023-10-24,171.430908203125,182.9499969482422,138.97898864746094,161.82252502441406,324.2743835449219,410.61932373046875,76.86357116699219,65.67691040039062
2023-10-25,169.11801147460938,183.72000122070312,125.63850402832031,159.1493377685547,334.2225036621094,404.7259826660156,75.15248107910156,64.26588439941406
2023-10-26,164.95680236816406,184.00999450683594,122.434814453125,159.55760192871094,321.6844177246094,399.8795471191406,76.30521392822266,65.49602508544922
2023-10-27,166.2713623046875,186.14999389648438,122.3951416015625,157.68148803710938,323.568115234375,398.0670166015625,75.98101806640625,64.44676971435547
2023-10-30,168.31736755371094,185.10000610351562,124.72600555419922,158.5563201904297,330.92608642578125,402.82623291015625,75.63878631591797,64.85379791259766
2023-10-31,168.7918243408203,184.08999633789062,124.27967071533203,159.92697143554688,331.7109069824219,405.3560791015625,75.26956939697266,65.95730590820312
2023-11-01,171.9547576904297,183.50999450683594,126.53118896484375,160.8407440185547,339.52032470703125,409.6790466308594,76.90155792236328,66.3643569946289
2023-11-02,175.51307678222656,184.1199951171875,127.53297424316406,165.12762451171875,341.727783203125,417.5303649902344,78.65469360351562,68.54423522949219
2023-11-03,174.6037139892578,184.7899932861328,129.30838012695312,169.61863708496094,346.1229553222656,421.3396301269531,79.1878433227539,70.181396484375
2023-11-06,177.15382385253906,183.35000610351562,130.3795928955078,167.49951171875,349.7823486328125,422.3088684082031,78.41971588134766,69.16834259033203
2023-11-07,179.7138214111328,182.58999633789062,131.32186889648438,166.90655517578125,353.7066650390625,423.5108337402344,79.5763931274414,68.59849548339844
2023-11-08,180.7714080810547,180.77000427246094,132.1748504638672,165.12762451171875,356.3261413574219,423.82098388671875,80.931884765625,68.82464599609375
2023-11-09,180.29701232910156,181.49000549316406,130.61764526367188,162.571044921875,353.8636779785156,420.5156555175781,79.0703353881836,67.73921203613281
2023-11-10,184.48348999023438,179.50999450683594,132.9683380126953,164.38885498046875,362.6736755371094,427.0777893066406,79.51314544677734,68.37236022949219
2023-11-13,182.89993286132812,180.50999450683594,132.55178833007812,164.4471893310547,359.740234375,426.670654296875,79.33242797851562,67.80253601074219
2023-11-14,185.5128173828125,182.1199951171875,134.3271942138672,173.47779846191406,363.2622985839844,434.9483947753906,81.1307144165039,71.56531524658203
2023-11-15,186.07693481445312,181.63999938964844,135.2694549560547,173.77919006347656,363.4097595214844,435.8692321777344,79.99210357666016,71.77334594726562
2023-11-16,187.7594757080078,183.69000244140625,137.57057189941406,170.96986389160156,369.7996826171875,436.40234375,80.98612213134766,71.61959075927734
2023-11-17,187.7397003173828,183.6699981689453,135.8248748779297,173.31256103515625,363.58673095703125,436.9451599121094,81.36563110351562,71.56531524658203
2023-11-20,189.48155212402344,183.3699951171875,136.7969207763672,174.32354736328125,371.0482177734375,440.30865478515625,81.86265563964844,72.08992767333984
2023-11-21,188.67990112304688,185.35000610351562,137.4912109375,172.07801818847656,366.7522277832031,439.3489685058594,81.82652282714844,71.5833969116211
2023-11-22,189.343017578125,184.55999755859375,138.8798065185547,173.1570587158203,371.4512939453125,441.0451965332031,82.1156997680664,71.93616485595703
2023-11-24,188.01678466796875,185.52000427246094,137.094482421875,174.32354736328125,371.038330078125,441.3165588378906,81.14876556396484,72.14419555664062
2023-11-27,187.83863830566406,186.77000427246094,136.92584228515625,173.74024963378906,372.1983337402344,440.52178955078125,82.5042724609375,72.40650939941406
2023-11-28,188.44236755371094,189.25999450683594,137.4912109375,173.0695343017578,376.2191467285156,440.9580078125,82.66693878173828,72.88591003417969
2023-11-29,187.42295837402344,189.5399932861328,135.2892608642578,173.9832763671875,372.434326171875,440.6477966308594,83.70613098144531,73.3924331665039
2023-11-30,187.99697875976562,188.75,132.82948303222656,174.6443328857422,372.4932861328125,442.3828125,82.73921203613281,73.92609405517578
2023-12-01,189.2737274169922,192.00999450683594,132.23435974121094,179.74774169921875,368.1678466796875,444.9998779296875,84.29753875732422,75.74417114257812
2023-12-04,187.48233032226562,187.86000061035156,129.5662841796875,181.6724853515625,362.8887939453125,442.6639404296875,83.96212005615234,76.2959213256836
2023-12-05,191.43130493164062,187.14999389648438,131.3119354248047,179.2422637939453,366.21148681640625,442.57672119140625,85.76609802246094,75.78941345214844
2023-12-06,190.34262084960938,187.83999633789062,130.35972595214844,178.92149353027344,362.55450439453125,440.793212890625,86.9083480834961,75.56327819824219
2023-12-07,192.27256774902344,188.14999389648438,137.32257080078125,180.21434020996094,364.6681213378906,444.1566467285156,86.40972900390625,75.78034973144531
2023-12-08,193.69775390625,185.63999938964844,135.5272979736328,181.58499145507812,367.8925476074219,446.066162109375,85.70265197753906,75.65373229980469
2023-12-11,191.1938018798828,183.58999633789062,133.60313415527344,181.9640655517578,365.01220703125,447.8011474609375,85.5213394165039,75.86175537109375
2023-12-12,192.70806884765625,183.49000549316406,132.55178833007812,181.77938842773438,368.03997802734375,449.8463439941406,85.7751693725586,75.81654357910156
2023-12-13,195.92465209960938,187.6300048828125,132.8790740966797,187.9326934814453,368.0301818847656,456.0497741699219,87.78765869140625,78.72003936767578
2023-12-14,196.0730743408203,188.72999572753906,132.11532592773438,193.1624755859375,359.73309326171875,457.513427734375,90.0712661743164,80.9903793334961
2023-12-15,195.5386505126953,187.0,132.7501220703125,191.53909301757812,364.45184326171875,456.7601623535156,90.17131042480469,79.8506851196289
2023-12-18,193.87591552734375,187.85000610351562,136.07284545898438,191.60716247558594,366.33929443359375,459.3294372558594,89.45283508300781,79.6697769165039
2023-12-19,194.9151611328125,189.1300048828125,136.97543334960938,195.3205108642578,366.9389953613281,462.1225280761719,89.93486022949219,80.27580261230469
2023-12-20,192.8268280029297,188.10000610351562,138.5227508544922,191.49984741210938,364.34368896484375,455.71875,90.5441665649414,79.29891204833984
2023-12-21,192.67835998535156,189.42999267578125,140.64532470703125,194.75851440429688,367.2142333984375,460.0398864746094,89.97124481201172,80.00216674804688
2023-12-22,191.60948181152344,190.27000427246094,141.5578155517578,196.57322692871094,368.23663330078125,460.9644775390625,89.5619888305664,80.31349182128906
2023-12-26,191.0651397705078,191.72000122070312,141.65699768066406,199.12942504882812,368.3152770996094,462.91082763671875,89.81661224365234,80.90869140625
2023-12-27,191.16409301757812,192.58999633789062,140.2882537841797,199.83189392089844,367.7352294921875,463.7478332519531,91.40814971923828,81.30240631103516
2023-12-28,191.58969116210938,191.47000122070312,140.12957763671875,199.07086181640625,368.9247741699219,463.92303466796875,90.74425506591797,81.87928009033203
2023-12-29,190.55047607421875,191.1699981689453,139.78240966796875,195.8219757080078,369.6719055175781,462.5799865722656,89.92575073242188,80.90869140625
2024-01-02,183.73130798339844,190.72000122070312,138.42355346679688,194.6609649658203,364.5894775390625,459.9912109375,89.40735626220703,81.60458374023438
2024-01-03,182.35560607910156,189.1300048828125,139.217041015625,189.4705352783203,364.3240051269531,456.2345886230469,89.78025817871094,79.6541976928711
2024-01-04,180.0396728515625,189.32000732421875,136.91592407226562,189.0997772216797,361.7091064453125,454.7650146484375,88.41609954833984,79.50769805908203
2024-01-05,179.317138671875,189.35000610351562,136.27122497558594,188.5436553955078,361.52227783203125,455.3879089355469,87.5703125,79.3062515258789
2024-01-08,183.65213012695312,187.8699951171875,139.38565063476562,191.9389190673828,368.34478759765625,461.8890075683594,88.43424987792969,80.44168090820312
2024-01-09,183.2364501953125,187.92999267578125,141.39910888671875,190.2217559814453,369.4261474609375,461.1882629394531,87.87042236328125,79.90143585205078
2024-01-10,184.27565002441406,187.5,142.6290283203125,190.32911682128906,376.2878723144531,463.7964782714844,87.4611587524414,79.99301147460938
2024-01-11,183.68179321289062,187.8699951171875,142.50010681152344,188.8363494873047,378.11639404296875,463.59210205078125,87.95225524902344,79.25131225585938
2024-01-12,184.0084228515625,189.7100067138672,143.06544494628906,188.52415466308594,381.89141845703125,463.9132995605469,87.77944946289062,79.72745513916016
2024-01-16,181.7419891357422,187.91000366210938,142.90673828125,186.19235229492188,383.66094970703125,462.21014404296875,86.2333984375,79.14143371582031
2024-01-17,180.80172729492188,185.83999633789062,141.7264404296875,184.86546325683594,382.87451171875,459.640869140625,86.09700012207031,77.69466400146484
2024-01-18,186.6905975341797,187.3699951171875,143.80934143066406,185.9582061767578,387.1999206542969,463.72833251953125,85.29668426513672,77.2734603881836
2024-01-19,189.59042358398438,187.92999267578125,146.76504516601562,187.74362182617188,391.9186706542969,469.50927734375,85.56951141357422,78.19829559326172
2024-01-22,191.89646911621094,187.22000122070312,146.5072021484375,191.75352478027344,389.79522705078125,470.50201416015625,86.07881927490234,78.66529083251953
2024-01-23,193.17324829101562,187.9499969482422,147.4692840576172,191.19741821289062,392.1447448730469,471.8741760253906,85.39672088623047,78.12503814697266
2024-01-24,192.50021362304688,186.39999389648438,149.12570190429688,189.62661743164062,395.74273681640625,472.3900146484375,84.89654541015625,77.0079116821289
2024-01-25,192.17361450195312,187.13999938964844,152.38890075683594,191.19741821289062,398.0137023925781,474.95928955078125,85.45127868652344,77.99684143066406
2024-01-26,190.44158935546875,187.00999450683594,152.53768920898438,191.20718383789062,397.0895690917969,474.35595703125,85.28758239746094,77.7770767211914
2024-01-29,189.75868225097656,188.3300018310547,153.57913208007812,194.5536346435547,402.7816162109375,478.112548828125,86.26976776123047,78.28986358642578
2024-01-30,186.1066436767578,188.58999633789062,151.80369567871094,192.89501953125,401.6706848144531,477.74273681640625,87.05192565917969,77.55731964111328
2024-01-31,182.50405883789062,188.4499969482422,140.64532470703125,188.1826934814453,390.84710693359375,469.947265625,87.90681457519531,76.81562805175781
2024-02-01,184.93873596191406,190.41000366210938,141.54791259765625,190.6803436279297,396.942138671875,476.0979309082031,89.63117980957031,78.20745086669922
2024-02-02,183.9391632080078,188.61000061035156,142.3711395263672,189.6754150390625,404.256103515625,481.11004638671875,87.65132141113281,77.23682403564453
2024-02-05,185.7502899169922,187.57000732421875,143.7498321533203,187.2655792236328,398.7804870605469,479.3582458496094,85.8813247680664,75.61610412597656
2024-02-06,187.3536834716797,188.5500030517578,144.22592163085938,188.9534149169922,398.6231994628906,480.74993896484375,86.72069549560547,76.63249206542969
2024-02-07,187.46255493164062,188.5,145.4855499267578,188.514404296875,407.0382385253906,484.7596130371094,86.301025390625,76.52262115478516
2024-02-08,186.38372802734375,188.3300018310547,146.0211639404297,191.37301635742188,407.0971984863281,484.9737243652344,85.79920959472656,77.14527893066406
2024-02-09,187.1468048095703,187.60000610351562,148.99676513671875,194.4853515625,413.4281311035156,487.7765808105469,85.62584686279297,77.26431274414062
2024-02-12,185.4621124267578,187.11000061035156,147.51889038085938,198.01718139648438,408.2277526855469,487.5625,85.72622680664062,77.2826156616211
2024-02-13,183.3711395263672,184.52999877929688,145.17808532714844,189.87054443359375,399.43914794921875,480.84722900390625,84.25730895996094,75.6893539428711
2024-02-14,182.48919677734375,184.4199981689453,145.9418182373047,194.2804718017578,403.2998962402344,485.2170104980469,84.68612670898438,76.28453063964844
2024-02-15,182.20181274414062,185.66000366210938,142.7678985595703,199.46116638183594,400.41412353515625,488.5649108886719,85.12408447265625,78.06094360351562
2024-02-16,180.665771484375,186.33999633789062,140.6056365966797,196.7488555908203,397.9519348144531,486.1318664550781,84.63140106201172,77.25515747070312
2024-02-20,179.9225616455078,187.47000122070312,141.0420379638672,194.0365753173828,396.701171875,483.4555358886719,84.70435333251953,77.11779022216797
2024-02-21,180.67572021484375,187.47999572753906,142.66868591308594,193.1194610595703,396.100341796875,483.8934326171875,84.10221099853516,77.54815673828125
2024-02-22,182.70721435546875,187.55999755859375,144.1366424560547,194.58291625976562,405.42718505859375,493.9078369140625,84.51277160644531,77.69466400146484
2024-02-23,180.87391662597656,188.6199951171875,144.1068878173828,195.02195739746094,404.1369934082031,494.24847412109375,85.64410400390625,77.65804290771484
2024-02-26,179.52613830566406,188.1999969482422,137.62014770507812,196.2512664794922,401.3794250488281,492.4383239746094,85.38862609863281,76.80647277832031
2024-02-27,180.98291015625,188.0,138.9591522216797,199.03187561035156,401.3202819824219,493.3531188964844,84.7864761352539,76.89803314208984
2024-02-28,179.78382873535156,188.33999633789062,136.31089782714844,197.3927764892578,401.5566711425781,492.7010803222656,85.32477569580078,77.67635345458984
2024-02-29,179.11985778808594,189.30999755859375,138.64175415039062,198.76844787597656,407.3871765136719,494.4722900390625,85.92693328857422,78.33564758300781
2024-03-01,178.03970336914062,192.88999938964844,136.9556121826172,200.87583923339844,409.218994140625,499.11456298828125,86.46235656738281,79.2696304321289
2024-03-04,173.52081298828125,196.00999450683594,133.10719299316406,200.69046020507812,408.6478271484375,498.5792541503906,86.11457061767578,80.01131439208984
2024-03-05,168.5857391357422,197.19000244140625,132.69061279296875,198.76844787597656,396.563232421875,493.5964050292969,87.34098052978516,79.04070281982422
2024-03-06,167.59474182128906,198.80999755859375,131.4805450439453,200.25140380859375,396.01171875,496.0975646972656,87.853515625,79.43445587158203
2024-03-07,167.47579956054688,199.94000244140625,134.1387481689453,201.91976928710938,402.9551696777344,501.0220947265625,87.77115631103516,79.4161376953125
2024-03-08,169.1902313232422,201.6300048828125,135.18014526367188,201.7929229736328,400.07928466796875,498.01483154296875,87.61557006835938,80.33180236816406
2024-03-11,171.1920166015625,202.0,137.80859375,200.19288635253906,398.4049987792969,497.5866394042969,87.5698013305664,79.94721984863281
2024-03-12,171.6676788330078,199.7899932861328,138.48304748535156,199.91969299316406,409.0023498535156,502.93927001953125,86.83759307861328,79.77325439453125
2024-03-13,169.58663940429688,201.19000244140625,139.6237030029297,200.70022583007812,408.8250427246094,502.1510009765625,86.41658020019531,79.37035369873047
2024-03-14,171.43975830078125,200.35000610351562,143.1646270751953,197.10983276367188,418.7921142578125,501.1583557128906,85.0895004272461,78.17996978759766
2024-03-15,171.06317138671875,199.7100067138672,141.0122833251953,197.4805908203125,410.1250915527344,497.7170715332031,85.06204986572266,78.00599670410156
2024-03-18,172.1532440185547,200.02999877929688,147.27090454101562,196.34886169433594,411.0115051269531,500.675048828125,84.8057861328125,78.04263305664062
2024-03-19,174.4919891357422,199.8000030517578,146.71546936035156,197.1781463623047,415.0396728515625,503.4574279785156,85.04375457763672,78.01515197753906
2024-03-20,177.05859375,202.17999267578125,148.46115112304688,201.0807342529297,418.80194091796875,508.114013671875,85.01629638671875,78.52793884277344
2024-03-21,169.82443237304688,201.97000122070312,147.52880859375,203.39105224609375,422.8793029785156,509.7931823730469,85.1993179321289,79.09564971923828
2024-03-22,170.72625732421875,200.35000610351562,150.53411865234375,200.58384704589844,422.2588806152344,508.82672119140625,86.01390838623047,78.1001205444336
2024-03-25,169.3091583251953,200.99000549316406,149.91915893554688,201.04354858398438,416.46771240234375,507.4208984375,85.5837173461914,77.61990356445312
2024-03-26,168.17942810058594,201.63999938964844,150.46470642089844,200.68165588378906,415.2760009765625,506.48370361328125,85.82168579101562,77.305908203125
2024-03-27,171.74696350097656,203.10000610351562,150.70272827148438,205.05386352539062,415.05938720703125,510.7402038574219,86.67286682128906,79.30067443847656
2024-03-28,169.9334716796875,205.72000122070312,151.0201416015625,205.69943237304688,414.360107421875,510.642578125,86.59964752197266,79.86399841308594
2024-04-01,168.49652099609375,207.82000732421875,155.22561645507812,203.7627410888672,418.1519470214844,509.7540588378906,84.9853286743164,78.5249252319336
2024-04-02,167.31724548339844,210.88999938964844,154.60073852539062,200.0165252685547,415.0692443847656,506.5130615234375,84.51701354980469,77.53678894042969
2024-04-03,168.1199493408203,212.74000549316406,155.09664916992188,201.32720947265625,414.09417724609375,507.0694274902344,84.49864959716797,77.61990356445312
2024-04-04,167.29745483398438,211.52000427246094,150.70272827148438,199.31228637695312,411.56304931640625,500.880126953125,85.10469818115234,77.12120056152344
2024-04-05,168.05059814453125,215.13999938964844,152.6864471435547,199.9774169921875,419.08758544921875,506.11273193359375,83.92013549804688,77.51831817626953
2024-04-08,166.9307861328125,216.47999572753906,154.86854553222656,201.0729217529297,418.171630859375,506.3958740234375,83.91097259521484,78.34945678710938
2024-04-09,168.13980102539062,217.6699981689453,156.85226440429688,201.8651885986328,419.8360900878906,506.9815673828125,84.69148254394531,79.39300537109375
2024-04-10,166.266845703125,215.61000061035156,156.3761749267578,196.5343780517578,416.86175537109375,501.9051513671875,82.84577178955078,76.1053695678711
2024-04-11,173.4613494873047,219.8000030517578,159.48065185546875,197.86465454101562,421.4610900878906,505.6929931640625,82.46928405761719,76.36392974853516
2024-04-12,174.95774841308594,216.88999938964844,157.8937225341797,194.34341430664062,415.5222473144531,498.7128601074219,82.91006469726562,75.45892333984375
2024-04-15,171.13253784179688,220.9499969482422,155.05699157714844,191.49708557128906,407.3871765136719,492.46490478515625,81.6244888305664,74.17526245117188
2024-04-16,167.8524169921875,221.22000122070312,154.7296905517578,190.79283142089844,408.3128662109375,491.56671142578125,81.08271026611328,73.13169860839844
2024-04-17,166.48483276367188,219.58999633789062,155.60252380371094,188.77784729003906,405.6143493652344,488.6575012207031,81.98262023925781,72.59607696533203
2024-04-18,165.5334930419922,220.33999633789062,156.17779541015625,188.6213836669922,398.1587829589844,487.65203857421875,81.56941223144531,72.60531616210938
2024-04-19,163.5119171142578,221.02999877929688,154.4519805908203,188.91482543945312,393.08660888671875,483.3956298828125,81.86325073242188,72.95624542236328
2024-04-22,164.34432983398438,215.57000732421875,156.66378784179688,191.02757263183594,394.8987731933594,487.8472900390625,81.7254867553711,73.60267639160156
2024-04-23,165.394775390625,215.0399932861328,158.61773681640625,194.22605895996094,401.408935546875,493.6363525390625,81.7530288696289,74.27684783935547
2024-04-24,167.4956512451172,214.63999938964844,159.78814697265625,193.35549926757812,402.8763732910156,493.402099609375,81.1745376586914,74.41536712646484
2024-04-25,168.35780334472656,215.9199981689453,156.66378784179688,192.18174743652344,393.0078430175781,491.5276794433594,80.60520935058594,73.99056243896484
2024-04-26,167.77310180664062,216.6199951171875,172.27561950683594,194.02061462402344,400.1778259277344,496.1844177246094,81.02760314941406,74.02750396728516
2024-04-29,171.93524169921875,216.17999267578125,166.53277587890625,195.5856475830078,396.1693420410156,497.94158935546875,81.70713806152344,74.78477478027344
2024-04-30,168.79380798339844,211.8699951171875,163.29933166503906,191.6144561767578,383.4446105957031,490.05364990234375,81.00923919677734,73.51957702636719
2024-05-01,167.77310180664062,213.7899932861328,164.2217559814453,192.01547241210938,388.9698181152344,488.4623107910156,81.60638427734375,73.54728698730469
2024-05-02,171.46949768066406,213.1300048828125,167.08824157714844,195.5465087890625,391.82598876953125,493.0311584472656,81.95655059814453,74.58160400390625
2024-05-03,181.7261199951172,212.9600067138672,167.6138916015625,197.48318481445312,400.5126647949219,499.14239501953125,82.78588104248047,75.08028411865234
2024-05-06,180.0712127685547,215.1999969482422,168.44705200195312,200.0360870361328,407.2886657714844,504.29693603515625,83.10839080810547,75.14494323730469
2024-05-07,180.75497436523438,214.2100067138672,171.57139587402344,200.4860382080078,403.15216064453125,504.8534240722656,83.61519622802734,75.85601806640625
2024-05-08,181.0919189453125,213.5800018310547,169.76625061035156,199.3220672607422,404.333984375,504.9022521972656,83.10839080810547,75.21880340576172
2024-05-09,182.90541076660156,216.9499969482422,170.18280029296875,201.35655212402344,406.0870666503906,507.8114013671875,83.51383972167969,76.76104736328125
2024-05-10,181.64515686035156,218.7100067138672,168.90330505371094,199.84046936035156,408.47052001953125,508.46551513671875,83.04389953613281,76.54864501953125
2024-05-13,184.85037231445312,216.25999450683594,169.50833129882812,200.26107788085938,407.46588134765625,508.5339050292969,83.25582122802734,76.79798889160156
2024-05-14,185.99151611328125,218.08999633789062,170.52996826171875,202.3346710205078,410.26300048828125,510.8670959472656,83.72578430175781,77.38903045654297
2024-05-15,188.26397705078125,220.88999938964844,172.46408081054688,204.85824584960938,417.4360656738281,517.1930541992188,84.86842346191406,78.46028137207031
2024-05-16,188.38304138183594,220.02999877929688,174.00144958496094,203.3812713623047,415.3739013671875,516.1289672851562,84.78548431396484,78.40486907958984
2024-05-17,188.41281127929688,223.66000366210938,175.84629821777344,203.5279998779297,414.6043395996094,516.8710327148438,84.21414947509766,78.39563751220703
2024-05-20,189.5738525390625,224.55999755859375,177.0067901611328,203.97792053222656,419.6658630371094,517.4664916992188,83.96536254882812,77.93389129638672
2024-05-21,190.87379455566406,224.22999572753906,178.07798767089844,203.78228759765625,423.3165283203125,518.7355346679688,84.39846801757812,77.90618133544922
2024-05-22,189.43490600585938,220.11000061035156,176.550537109375,202.06080627441406,424.77679443359375,517.241943359375,84.49983215332031,77.2043228149414
2024-05-23,185.44578552246094,215.72000122070312,173.63446044921875,198.7449493408203,421.3037414550781,513.4639892578125,83.9561538696289,75.54203796386719
2024-05-24,188.52195739746094,215.9199981689453,174.89414978027344,200.94577026367188,424.4215393066406,516.861083984375,84.2049331665039,75.59742736816406
2024-05-28,188.53189086914062,218.19000244140625,176.57037353515625,200.671875,424.5794677734375,517.222412109375,82.997802734375,75.0987548828125
2024-05-29,188.82960510253906,216.16000366210938,175.9553985595703,197.7081756591797,423.44476318359375,513.6005249023438,81.99340057373047,74.36918640136719
2024-05-30,189.82191467285156,216.57000732421875,172.1466827392578,199.586181640625,409.1382141113281,510.1934509277344,82.78588104248047,75.45892333984375
2024-05-31,190.77456665039062,215.3000030517578,172.54342651367188,201.26852416992188,409.5920715332031,514.8403930664062,83.34796905517578,76.87186431884766
2024-06-03,192.54087829589844,217.22000122070312,172.9996795654297,200.1339111328125,408.0035705566406,515.2601318359375,84.69608306884766,76.6964111328125
2024-06-04,192.8584442138672,215.27000427246094,173.7039031982422,197.55165100097656,410.51953125,515.8361206054688,85.68544006347656,77.28744506835938
2024-06-05,194.36676025390625,217.82000732421875,175.62811279296875,200.5740509033203,418.3536376953125,521.9668579101562,86.3141860961914,77.1950912475586
2024-06-06,192.98744201660156,219.42999267578125,176.89767456054688,199.13621520996094,418.8567810058594,521.9571533203125,86.18473052978516,77.34285736083984
2024-06-07,195.37893676757812,211.60000610351562,174.5172119140625,196.79849243164062,418.1957702636719,521.3225708007812,84.60363006591797,76.61328125
2024-06-10,191.63787841796875,213.5399932861328,175.3910369873047,197.47340393066406,422.162109375,522.933349609375,84.03960418701172,76.87186431884766
2024-06-11,205.56019592285156,214.14999389648438,176.94012451171875,196.79856872558594,426.9079284667969,524.1926879882812,84.90872955322266,76.59481811523438
2024-06-12,211.4347686767578,214.72000122070312,178.3004913330078,199.8196258544922,435.1761779785156,528.4979248046875,85.54676055908203,77.27820587158203
2024-06-13,212.5957794189453,212.97000122070312,175.50027465820312,198.0736846923828,435.689208984375,529.5621337890625,86.80423736572266,77.59219360351562
2024-06-14,210.85922241210938,215.72999572753906,177.1188507080078,194.92515563964844,436.66607666015625,529.8843383789062,87.53470611572266,77.57372283935547
2024-06-17,215.00714111328125,214.61000061035156,177.5259552001953,196.56317138671875,442.3886413574219,534.1015014648438,86.66554260253906,77.26895904541016
2024-06-18,212.6453857421875,215.47000122070312,175.21229553222656,196.90646362304688,440.3857116699219,535.4586181640625,87.46070861816406,77.57372283935547
2024-06-20,208.0707550048828,218.16000366210938,176.4635009765625,196.07275390625,439.7542419433594,534.00390625,86.87821960449219,77.35208129882812
2024-06-21,205.89761352539062,214.77999877929688,178.99557495117188,196.51412963867188,443.77984619140625,533.2880859375,86.87821960449219,77.5460205078125
2024-06-24,206.54261779785156,215.6300048828125,179.52186584472656,197.36746215820312,441.697998046875,531.5545654296875,87.22956085205078,78.14629364013672
2024-06-25,207.46546936035156,214.55999755859375,184.2782745361328,196.72012329101562,444.9342041015625,533.6015014648438,87.37750244140625,77.18585205078125
2024-06-26,211.61338806152344,212.5800018310547,184.06973266601562,196.20025634765625,446.12811279296875,534.2673950195312,86.12925720214844,76.94575500488281
2024-06-27,212.4568634033203,214.99000549316406,185.54928588867188,198.19140625,446.80889892578125,535.1096801757812,86.47137451171875,77.69377136230469
2024-06-28,209.00355529785156,215.00999450683594,182.1334228515625,199.00552368164062,440.9875793457031,533.0040283203125,84.8625259399414,78.31367492675781
2024-07-01,215.08651733398438,215.57000732421875,183.19589233398438,197.33804321289062,450.63714599609375,534.1009521484375,83.39788818359375,77.57503509521484
2024-07-02,218.57949829101562,215.55999755859375,185.30105590820312,198.0148468017578,453.153076171875,537.6951904296875,84.04718017578125,77.93965911865234
2024-07-03,219.8496856689453,217.99000549316406,186.07557678222656,197.96580505371094,454.6231994628906,540.0947875976562,85.15100860595703,77.8648681640625
2024-07-05,224.60292053222656,220.92999267578125,190.61354064941406,197.02415466308594,461.3226318359375,543.2093505859375,85.85594940185547,78.07992553710938
2024-07-08,226.07154846191406,218.19000244140625,189.14390563964844,198.4071807861328,460.020263671875,543.8360595703125,86.04146575927734,78.33236694335938
2024-07-09,226.92495727539062,218.55999755859375,189.1041717529297,197.5440216064453,453.4096374511719,544.3649291992188,85.6611557006836,78.31367492675781
2024-07-10,231.19195556640625,219.36000061035156,191.30860900878906,199.47630310058594,460.0301513671875,549.7516479492188,85.9301528930664,78.89334869384766
2024-07-11,225.82350158691406,223.25,185.9862060546875,206.64634704589844,448.6341857910156,545.01123046875,86.76496887207031,81.15599060058594
2024-07-12,228.7706756591797,223.11000061035156,185.46983337402344,209.0592498779297,447.4995422363281,548.448974609375,87.13599395751953,81.77307891845703
2024-07-15,232.60107421875,223.8300018310547,186.86996459960938,213.03172302246094,447.904052734375,549.9573364257812,86.13422393798828,82.32471466064453
2024-07-16,233.01783752441406,228.2899932861328,184.19882202148438,220.29983520507812,443.5233154296875,553.2186279296875,87.3493423461914,83.33448028564453
2024-07-17,227.12342834472656,227.22999572753906,181.3390350341797,217.9948272705078,437.60333251953125,545.4618530273438,87.36788940429688,83.90482330322266
2024-07-18,222.45948791503906,225.77999877929688,177.96287536621094,213.7771759033203,434.495361328125,541.2700805664062,86.7000503540039,83.16619110107422
2024-07-19,222.5885009765625,221.72999572753906,178.13168334960938,212.68841552734375,431.2788391113281,537.6755981445312,86.18987274169922,83.01660919189453
2024-07-22,222.24118041992188,221.8000030517578,182.0639190673828,216.07235717773438,437.0310974121094,543.2190551757812,85.9394302368164,83.87678527832031
2024-07-23,223.28314208984375,222.5800018310547,182.31214904785156,218.3675537109375,438.9156188964844,542.3670043945312,85.81886291503906,83.81134033203125
2024-07-24,216.86277770996094,221.8000030517578,173.14691162109375,213.67909240722656,423.17840576171875,530.0756225585938,84.89126586914062,82.57716369628906
2024-07-25,215.8208465576172,218.3300018310547,167.9734649658203,216.34703063964844,412.8184814453125,527.313720703125,85.58692932128906,82.30602264404297
2024-07-26,216.28721618652344,220.6300048828125,167.49679565429688,219.92709350585938,419.5967712402344,533.219482421875,86.25479125976562,83.74588012695312
2024-07-29,216.56509399414062,220.32000732421875,169.9296112060547,217.48480224609375,421.03729248046875,533.5328979492188,86.71859741210938,84.17597961425781
2024-07-30,217.12078857421875,222.52000427246094,170.65451049804688,218.3087158203125,417.27813720703125,530.8297119140625,87.05250549316406,84.8304672241211
2024-07-31,220.3756103515625,226.5500030517578,171.9354705810547,219.57400512695312,412.7691345214844,539.4581909179688,87.94296264648438,84.53125762939453
2024-08-01,216.6841583251953,225.77000427246094,171.2403564453125,212.4333953857422,411.545654296875,531.8189697265625,88.70146942138672,85.3821029663086
2024-08-02,218.1726531982422,225.33999633789062,167.21876525878906,204.92005920410156,403.0406494140625,521.9172973632812,91.46552276611328,85.3353500366211
2024-08-05,207.66392517089844,222.47999572753906,159.5132293701172,198.32870483398438,389.87860107421875,506.7171630859375,91.94947814941406,82.89505767822266
2024-08-06,205.6395721435547,220.6999969482422,159.41387939453125,200.48658752441406,394.27911376953125,511.38885498046875,89.89270782470703,84.53125762939453
2024-08-07,208.20970153808594,220.5500030517578,159.6224365234375,198.1129150390625,393.1148681640625,507.9707946777344,89.25987243652344,83.95157623291016
2024-08-08,211.6729278564453,224.00999450683594,162.69073486328125,202.92892456054688,397.31805419921875,519.7137451171875,88.71076202392578,84.77435302734375
2024-08-09,214.58045959472656,224.55999755859375,164.22988891601562,202.5071563720703,400.60357666015625,522.0055541992188,89.5855941772461,85.16705322265625
2024-08-12,216.1103973388672,228.41000366210938,162.8000030517578,200.68275451660156,401.383056640625,522.2796630859375,89.91132354736328,84.54061889648438
2024-08-13,219.82598876953125,228.05999755859375,164.76608276367188,203.9882354736328,408.4869689941406,530.868896484375,90.53488159179688,85.27925109863281
2024-08-14,220.27305603027344,226.1999969482422,160.89344787597656,202.72293090820312,411.2989807128906,532.543701171875,91.10255432128906,85.5036392211914
2024-08-15,223.2534637451172,226.91000366210938,162.0254669189453,207.9803009033203,416.1620788574219,541.6715698242188,90.36734771728516,85.43819427490234
2024-08-16,224.57479858398438,231.99000549316406,163.58445739746094,208.52960205078125,413.6317138671875,542.8860473632812,90.68378448486328,85.39144134521484
2024-08-19,224.41583251953125,231.61000061035156,167.21876525878906,211.07980346679688,416.6563415527344,548.0768432617188,91.10255432128906,86.10202026367188
2024-08-20,225.03179931640625,232.4600067138672,167.7748260498047,208.6178436279297,419.88848876953125,547.185546875,91.82848358154297,85.99918365478516
2024-08-21,224.92250061035156,232.14999389648438,166.4541778564453,211.3348388671875,419.23614501953125,549.0660400390625,91.88433837890625,86.45732116699219
2024-08-22,223.06471252441406,229.3699951171875,164.32919311523438,209.47122192382812,410.74542236328125,544.7566528320312,90.97228240966797,86.70975494384766
2024-08-23,225.359619140625,232.02000427246094,166.25555419921875,216.16064453125,411.9710998535156,550.5448608398438,91.56790161132812,88.61711120605469
2024-08-26,225.6973876953125,232.75999450683594,166.75204467773438,216.2292938232422,408.70928955078125,549.2325439453125,91.33525848388672,88.57970428466797
2024-08-27,226.5418701171875,233.38999938964844,165.21295166015625,214.5520477294922,409.0552673339844,549.986572265625,91.1770248413086,88.71060180664062
2024-08-28,225.0119171142578,231.75,163.3461456298828,213.10037231445312,405.8526611328125,546.7938232421875,91.06533813476562,88.36467742919922
2024-08-29,228.29039001464844,232.9499969482422,162.25384521484375,214.6206817626953,408.34356689453125,546.8428344726562,90.76753997802734,88.0935287475586
2024-08-30,227.50552368164062,231.2899932861328,163.95184326171875,215.86639404296875,412.3171081542969,552.06298828125,89.79963684082031,88.94435119628906
2024-09-03,221.31619262695312,230.2899932861328,157.4974365234375,209.26524353027344,404.7061462402344,540.7020263671875,91.26834106445312,88.89761352539062
2024-09-04,219.4087371826172,230.42999267578125,156.70306396484375,208.91212463378906,404.17236328125,539.5952758789062,92.4448013305664,89.1500473022461
2024-09-05,220.92874145507812,232.35000610351562,157.48751831054688,207.8723907470703,403.66827392578125,538.282958984375,92.96766662597656,88.86021423339844
2024-09-06,219.37890625,230.6300048828125,151.06289672851562,203.91958618164062,397.0556335449219,529.2235717773438,92.95833587646484,88.77606201171875
2024-09-09,219.46835327148438,231.60000610351562,148.68653869628906,204.4884796142578,401.0290832519531,535.1488037109375,93.35980987548828,89.76712799072266
2024-09-10,218.6735382080078,232.6199951171875,149.1538543701172,204.32174682617188,409.41107177734375,537.4797973632812,94.0134048461914,91.0667495727539
2024-09-11,221.2069091796875,232.25,151.28163146972656,204.92005920410156,418.1488952636719,542.9938354492188,93.9386978149414,90.88910675048828
2024-09-12,221.31619262695312,236.3300018310547,154.65228271484375,207.5585479736328,422.0630798339844,547.5675659179688,93.49987030029297,91.27245330810547
2024-09-13,221.04794311523438,238.67999267578125,157.46612548828125,212.6785888671875,425.611572265625,550.4274291992188,93.75196075439453,92.22611999511719
2024-09-16,214.90829467773438,238.66000366210938,158.08261108398438,213.4436798095703,426.3529052734375,551.2402954101562,94.61096954345703,92.53466796875
2024-09-17,215.3751983642578,237.33999633789062,159.36524963378906,215.209228515625,430.1188659667969,551.4655151367188,94.15343475341797,91.88953399658203
2024-09-18,219.24977111816406,235.50999450683594,159.89219665527344,215.24844360351562,425.82904052734375,549.8299560546875,92.986328125,91.77733612060547
2024-09-19,227.37637329101562,239.1699981689453,162.30836486816406,219.68191528320312,433.617919921875,559.2125244140625,92.67823028564453,91.79602813720703
2024-09-20,226.71075439453125,242.2100067138672,163.70034790039062,217.327880859375,430.2374572753906,558.245849609375,92.32341766357422,91.431396484375
2024-09-23,224.99205017089844,242.67999267578125,162.1393280029297,216.53335571289062,428.4978332519531,559.6408081054688,92.12733459472656,92.33831787109375
2024-09-24,225.88616943359375,246.07000732421875,162.7060546875,216.89630126953125,424.2080078125,561.2421264648438,92.10868072509766,92.46920776367188
2024-09-25,224.8927001953125,245.72999572753906,162.05978393554688,214.25076293945312,427.114013671875,560.0042724609375,91.3430404663086,91.85211944580078
2024-09-26,226.0352020263672,246.97999572753906,162.89498901367188,215.39244079589844,426.3232421875,562.2245483398438,91.55779266357422,91.02000427246094
2024-09-27,226.3034210205078,245.02000427246094,164.34664916992188,216.84902954101562,423.0712585449219,561.4090576171875,92.03397369384766,91.13597869873047
2024-09-30,231.47943115234375,243.05999755859375,166.23580932617188,217.4001922607422,425.3249206542969,563.6588745117188,91.59514617919922,91.8525390625
2024-10-01,224.73374938964844,245.61000061035156,167.4587860107422,214.4475860595703,415.8260803222656,558.6093139648438,92.25646209716797,91.258544921875
2024-10-02,225.30001831054688,245.66000366210938,166.35513305664062,214.15234375,412.30718994140625,558.8450927734375,91.47899627685547,90.93797302246094
2024-10-03,224.197265625,245.49000549316406,166.2556915283203,212.71539306640625,411.72406005859375,557.8233642578125,90.61720275878906,90.10826873779297
2024-10-04,225.3199005126953,245.0,167.5979766845703,215.68768310546875,411.2495422363281,562.8925170898438,89.5025405883789,89.67455291748047
2024-10-07,220.2432403564453,244.1699981689453,163.4517822265625,213.99485778808594,404.8049621582031,557.8037109375,88.8281021118164,88.882568359375
2024-10-08,224.29661560058594,242.3699951171875,164.75428771972656,214.14248657226562,409.9151916503906,563.0792236328125,88.97795867919922,89.06170654296875
2024-10-09,228.04200744628906,241.0500030517578,162.12937927246094,214.6149139404297,412.63336181640625,566.9793090820312,88.47213745117188,89.1559829711914
2024-10-10,227.54525756835938,242.82000732421875,162.2486572265625,213.42404174804688,411.0321044921875,565.9871215820312,88.12556457519531,88.3639907836914
2024-10-11,226.0650177001953,245.47000122070312,163.58103942871094,217.76434326171875,411.5065612792969,569.3763427734375,87.76961517333984,89.36341857910156
2024-10-14,229.79054260253906,245.07000732421875,165.40060424804688,219.36859130859375,414.2939758300781,574.0328979492188,87.83518981933594,89.90084075927734
2024-10-15,232.3238983154297,245.9199981689453,165.94744873046875,219.54576110839844,413.8985595703125,569.5728759765625,88.9030532836914,90.9851303100586
2024-10-16,230.26739501953125,247.14999389648438,165.78839111328125,223.1577911376953,411.3088684082031,572.0484619140625,89.27771759033203,91.98454284667969
2024-10-17,230.63497924804688,248.6300048828125,163.5710906982422,222.54757690429688,411.9019470214844,572.0975341796875,87.86329650878906,91.258544921875
2024-10-18,233.46636962890625,251.27000427246094,164.10800170898438,222.08499145507812,413.3252868652344,574.2981567382812,87.92884826660156,91.9374008178711
2024-10-21,234.9367218017578,251.22000122070312,164.853759765625,218.59109497070312,413.9381103515625,573.35498046875,86.39265441894531,90.13654327392578
2024-10-22,234.32077026367188,253.92999267578125,165.86790466308594,217.76434326171875,422.56719970703125,573.0504760742188,86.47693634033203,90.26853942871094
2024-10-23,229.25405883789062,250.8699951171875,163.541259765625,215.77627563476562,419.69085693359375,567.8143310546875,86.24278259277344,90.92855072021484
2024-10-24,229.0653076171875,252.8000030517578,163.5909881591797,216.2487030029297,419.8193359375,569.0423583984375,86.79544830322266,91.12654876708984
2024-10-25,229.89981079101562,253.32000732421875,166.03692626953125,215.43179321289062,423.1997375488281,568.8457641601562,86.308349609375,90.26853942871094
2024-10-28,231.87681579589844,253.3300018310547,167.37924194335938,218.94540405273438,421.6578369140625,570.6043701171875,86.07416534423828,90.5514144897461
2024-10-29,232.1450653076172,256.0899963378906,170.16326904296875,218.2367706298828,426.9559020996094,571.5278930664062,86.205322265625,89.90084075927734
2024-10-30,228.59835815429688,257.5,175.13473510742188,217.9415283203125,427.5291442871094,569.7987670898438,86.45824432373047,90.29684448242188
2024-10-31,224.43569946289062,253.50999450683594,171.70440673828125,214.31964111328125,401.6518859863281,558.6289672851562,86.59872436523438,88.76942443847656
2024-11-01,221.45529174804688,252.47000122070312,171.66464233398438,215.52037048339844,405.6253356933594,560.9866943359375,85.3778305053711,87.78885650634766
2024-11-04,220.56114196777344,252.8300018310547,169.70587158203125,216.61282348632812,403.7374267578125,559.7783203125,86.70305633544922,88.75055694580078
2024-11-05,221.99176025390625,253.39999389648438,170.43173217773438,220.6874237060547,406.7027282714844,566.547119140625,87.16358947753906,89.92912292480469
2024-11-06,221.26651000976562,245.6999969482422,177.3122100830078,233.47219848632812,415.3219299316406,580.6345825195312,84.77632141113281,88.01513671875
2024-11-07,225.99545288085938,249.64999389648438,181.23968505859375,232.64547729492188,420.51123046875,585.1241455078125,85.83838653564453,89.07112884521484
2024-11-08,225.7269287109375,247.9600067138672,178.83349609375,234.35797119140625,417.6546630859375,587.6588134765625,86.92862701416016,90.40055084228516
2024-11-11,223.01174926757812,242.13999938964844,180.9314422607422,237.88140869140625,413.1770324707031,588.2186889648438,86.50569152832031,89.94798278808594
2024-11-12,223.01174926757812,240.0500030517578,182.27374267578125,233.7084197998047,418.13897705078125,586.3914794921875,85.20867919921875,88.70342254638672
2024-11-13,223.8969268798828,237.6300048828125,179.4598846435547,231.39553833007812,420.283935546875,586.6763916015625,84.40037536621094,89.19369506835938
2024-11-14,226.98007202148438,237.00999450683594,176.33782958984375,228.27561950683594,421.9543762207031,582.9039306640625,84.88910675048828,88.39228057861328
2024-11-15,223.7775421142578,236.58999633789062,172.89755249023438,224.87026977539062,410.20184326171875,575.437744140625,84.66353607177734,88.4394302368164
2024-11-18,226.78115844726562,241.08999633789062,175.7909698486328,225.31317138671875,410.9530334472656,577.7954711914062,84.81391906738281,89.08056640625
2024-11-19,227.0397491455078,243.25,178.5550994873047,226.986328125,412.9595642089844,579.9075927734375,85.24623107910156,89.51427459716797
2024-11-20,227.75584411621094,244.6199951171875,176.3179168701172,227.2815704345703,410.6861572265625,580.1041259765625,84.97368621826172,89.40113067626953
2024-11-21,227.2784423828125,246.66000366210938,168.2740936279297,230.73614501953125,408.9133605957031,583.2183227539062,84.90789031982422,90.06112670898438
2024-11-22,228.62110900878906,249.83999633789062,165.61936950683594,234.9977264404297,413.0037536621094,585.02587890625,84.95488739013672,90.73997497558594
2024-11-25,231.6048126220703,242.47999572753906,168.46299743652344,238.5703582763672,414.7765808105469,587.0103759765625,87.1541976928711,92.00340270996094
2024-11-26,233.7829132080078,242.9499969482422,169.64622497558594,236.81849670410156,423.8883972167969,590.075439453125,86.81584167480469,92.37110900878906
2024-11-27,233.6536407470703,243.49000549316406,169.84507751464844,237.14328002929688,418.93634033203125,588.2874755859375,87.41737365722656,92.96510314941406
2024-11-29,236.04058837890625,245.58999633789062,169.5169677734375,238.04872131347656,419.4018249511719,591.9419555664062,88.31962585449219,92.55025482177734
2024-12-02,238.2882843017578,243.44000244140625,171.99273681640625,237.9306182861328,426.8498229980469,593.0029907226562,88.53182983398438,91.20198059082031
2024-12-03,241.33168029785156,243.92999267578125,172.0325164794922,236.23779296875,427.0676574707031,593.2780151367188,87.76789855957031,90.73997497558594
2024-12-04,241.68971252441406,244.6699981689453,175.0850067138672,237.08421325683594,433.2280578613281,596.9619140625,88.7110366821289,90.4948501586914
2024-12-05,241.7195587158203,242.86000061035156,173.3151397705078,234.31863403320312,438.37823486328125,595.9796142578125,88.8902359008789,90.2779769897461
2024-12-06,241.52066040039062,242.9499969482422,175.4827423095703,235.1551971435547,439.3191223144531,597.1093139648438,89.02227020263672,90.14598083496094
2024-12-09,245.40939331054688,245.36000061035156,176.28903198242188,233.97415161132812,441.7455749511719,594.034423828125,88.20173645019531,90.40055084228516
2024-12-10,246.42385864257812,248.58999633789062,185.67584228515625,232.9604034423828,439.0813903808594,592.1875,87.7867660522461,89.08998107910156
2024-12-11,245.15081787109375,250.9600067138672,195.80923461914062,234.01353454589844,444.68719482421875,596.7655639648438,86.9568099975586,88.882568359375
2024-12-12,246.6128387451172,247.27999877929688,192.74331665039062,230.97230529785156,445.251708984375,593.6906127929688,85.9005126953125,88.74113464355469
2024-12-13,246.7819061279297,244.2899932861328,190.5036163330078,229.3877716064453,442.983642578125,593.57275390625,85.02339935302734,88.48655700683594
2024-12-16,249.67608642578125,244.8800048828125,197.25259399414062,230.73614501953125,447.2622375488281,596.1072998046875,85.27803039550781,88.17543029785156
2024-12-17,252.1028289794922,243.94000244140625,196.2173309326172,228.09458923339844,450.1047058105469,593.6513061523438,85.48553466796875,87.75114440917969
2024-12-18,246.7023468017578,239.25999450683594,189.2792510986328,217.99630737304688,433.1983642578125,575.9584350585938,84.41659545898438,84.13059997558594
2024-12-19,248.43289184570312,239.60000610351562,188.83131408691406,217.02894592285156,432.841796875,575.7816162109375,83.13841247558594,82.82945251464844
2024-12-20,253.10736083984375,242.10000610351562,192.07638549804688,219.0624237060547,432.4158935546875,582.697265625,83.61180877685547,84.22488403320312
2024-12-23,253.88311767578125,240.9600067138672,195.09251403808594,218.55899047851562,431.078857421875,586.1867065429688,82.84489440917969,84.55426788330078
2024-12-24,256.79718017578125,241.44000244140625,196.665283203125,220.5134735107422,435.1197204589844,592.7020874023438,83.19522094726562,85.11592864990234
2024-12-26,257.6127014160156,243.07000732421875,196.1974639892578,222.77398681640625,433.9114074707031,592.7415771484375,83.14788055419922,85.34439849853516
2024-12-27,254.2013702392578,241.39999389648438,193.15142822265625,219.5263671875,426.4040832519531,586.5020751953125,82.46617889404297,84.48762512207031
2024-12-30,250.82980346679688,240.6300048828125,191.80763244628906,217.83837890625,420.7586975097656,579.8092041015625,83.12894439697266,84.06875610351562
2024-12-31,249.05947875976562,242.1300048828125,189.5679168701172,218.11477661132812,417.4605712890625,577.6997680664062,82.68394470214844,84.80177307128906
2025-01-02,242.52517700195312,245.4199981689453,189.75704956054688,218.29246520996094,414.568603515625,576.2803344726562,82.91118621826172,84.0497055053711
2025-01-03,242.03782653808594,243.49000549316406,192.24562072753906,221.5400848388672,419.29290771484375,583.4857788085938,82.64608001708984,85.15399932861328
2025-01-06,243.66891479492188,243.19000244140625,197.05349731445312,221.62893676757812,423.7497863769531,586.8470458984375,82.27681732177734,84.05924224853516
2025-01-07,240.89407348632812,244.55999755859375,195.80923461914062,219.8521270751953,418.3222961425781,580.2133178710938,81.34896087646484,83.25958251953125
2025-01-08,241.3813934326172,245.86000061035156,194.4952392578125,218.85513305664062,420.4913024902344,581.0609741210938,81.45310974121094,83.47853088378906
2025-01-10,235.56320190429688,248.2100067138672,192.28543090820312,214.0379638671875,414.9350280761719,572.189697265625,80.91341400146484,81.44131469726562
2025-01-13,233.12649536132812,245.74000549316406,191.40945434570312,214.45254516601562,413.1919250488281,573.0768432617188,80.88502502441406,82.44087982177734
2025-01-14,232.01258850097656,247.02999877929688,190.1751251220703,216.89073181152344,411.6865234375,573.8652954101562,80.7524642944336,83.19293212890625
2025-01-15,236.57762145996094,248.8800048828125,196.07798767089844,221.1551055908203,422.2245178222656,584.3040161132812,82.14427185058594,83.66893005371094
2025-01-16,227.01986694335938,250.60000610351562,193.5197296142578,221.5993194580078,420.5110778808594,583.1802368164062,82.40937042236328,85.4015121459961
2025-01-17,228.7305145263672,249.27000427246094,196.64537048339844,222.5568389892578,424.91845703125,589.0353393554688,82.55139923095703,85.34439849853516
2025-01-21,221.43038940429688,253.1300048828125,198.71585083007812,226.8310546875,424.3935546875,594.4270629882812,83.28988647460938,86.9437255859375
2025-01-22,222.61390686035156,254.42999267578125,199.11402893066406,225.35037231445312,441.9239501953125,597.7686157226562,82.85436248779297,85.4300765991211
2025-01-23,222.44485473632812,254.07000732421875,198.6660919189453,226.3769989013672,442.4289855957031,601.0313110351562,82.2105484008789,86.05838012695312
2025-01-24,221.5696258544922,255.64999389648438,200.9754638671875,225.74522399902344,439.804443359375,599.2767333984375,82.57980346679688,86.3534927368164
2025-01-27,228.61117553710938,252.99000549316406,192.8826904296875,223.58343505859375,430.39544677734375,590.7997436523438,83.55499267578125,87.50537872314453
2025-01-28,236.9655303955078,255.17999267578125,196.16757202148438,223.83023071289062,442.9143371582031,595.8761596679688,83.4981918334961,86.44868469238281
2025-01-29,238.05955505371094,254.1999969482422,196.27706909179688,223.31690979003906,438.0909423828125,593.204833984375,83.32776641845703,85.30632781982422
2025-01-30,236.2991485595703,258.04998779296875,201.7021026611328,225.5872802734375,411.01300048828125,596.3886108398438,83.64022064208984,86.3915786743164
2025-01-31,234.7178192138672,258.55999755859375,204.6585235595703,223.56370544433594,411.0823669433594,593.2147216796875,83.091064453125,86.201171875
2025-02-03,226.77120971679688,259.94000244140625,201.71205139160156,220.9478302001953,406.98199462890625,589.2225952148438,83.76758575439453,86.02030181884766
2025-02-04,231.5352020263672,262.5,206.75885009765625,224.00790405273438,408.4181213378906,593.1752319335938,84.02413177490234,86.08694458007812
2025-02-05,231.2069854736328,264.1300048828125,192.4148406982422,226.4460906982422,409.3293151855469,595.5802612304688,85.41139221191406,87.29593658447266
2025-02-06,231.95291137695312,263.42999267578125,192.42478942871094,225.70574951171875,411.8350524902344,597.6503295898438,85.3733901977539,87.51490020751953
2025-02-07,226.39329528808594,263.8999938964844,186.2830352783203,223.08987426757812,405.8232116699219,592.1797485351562,84.8222885131836,87.22930908203125
2025-02-10,226.662109375,268.3699951171875,187.3381805419922,224.0967559814453,408.2695617675781,596.2012939453125,84.56575012207031,87.19122314453125
2025-02-11,231.61053466796875,267.3900146484375,186.21336364746094,222.7937469482422,407.49700927734375,596.65478515625,84.02413177490234,87.572021484375
2025-02-12,235.84210205078125,267.6700134277344,184.5808563232422,220.74050903320312,405.1200256347656,594.732666015625,82.8839340209961,86.7628402709961
2025-02-13,240.4818878173828,270.30999755859375,187.0196533203125,223.2280731201172,406.60565185546875,601.0115966796875,84.26167297363281,87.62914276123047
2025-02-14,243.53855895996094,266.2900085449219,186.0142822265625,223.06027221679688,404.5158386230469,600.9820556640625,84.70828247070312,87.22930908203125
2025-02-18,243.40911865234375,270.70001220703125,184.94915771484375,224.28431701660156,405.71429443359375,602.7463989257812,83.71057891845703,87.61961364746094
2025-02-19,243.807373046875,270.8500061035156,186.27308654785156,223.51434326171875,410.7951354980469,604.165771484375,83.81510162353516,87.6862564086914
2025-02-20,244.7632293701172,270.989990234375,185.7853240966797,221.3722686767578,412.968505859375,601.6522827148438,84.12866973876953,88.1051254272461
2025-02-21,244.48443603515625,270.739990234375,180.74851989746094,214.99545288085938,405.108642578125,591.361572265625,85.14533996582031,87.23883056640625
2025-02-24,246.0277099609375,272.2099914550781,180.3602752685547,213.4456787109375,400.9306335449219,588.670654296875,85.39241027832031,87.58152770996094
2025-02-25,245.96795654296875,268.6199951171875,176.55776977539062,212.63624572753906,394.876953125,585.7430419921875,86.86517333984375,88.65726470947266
2025-02-26,239.31695556640625,269.0299987792969,173.89999389648438,212.9027557373047,396.6930847167969,586.0387573242188,87.3782730102539,88.28599548339844
2025-02-27,236.27023315429688,264.92999267578125,169.43057250976562,209.65512084960938,389.5477600097656,576.6844482421875,86.7606430053711,88.63822937011719
2025-02-28,240.79052734375,263.2699890136719,171.4313507080078,211.88600158691406,393.973876953125,585.6838989257812,87.82483673095703,89.39028930664062
2025-03-03,236.9970703125,266.739990234375,167.88768005371094,206.0915985107422,385.5384521484375,575.4227905273438,88.2347183227539,89.80915069580078
2025-03-04,234.9061737060547,269.05999755859375,171.81959533691406,203.7620086669922,385.65753173828125,568.611572265625,87.14810943603516,88.77149963378906
2025-03-05,234.71701049804688,269.6199951171875,174.18870544433594,205.78558349609375,397.9732666015625,574.7229614257812,86.45228576660156,89.76155090332031
2025-03-06,234.3087921142578,268.25,173.41226196289062,202.63668823242188,393.8746643066406,564.5209350585938,86.16633605957031,87.4577865600586
2025-03-07,238.03256225585938,268.3900146484375,174.94520568847656,203.2980499267578,390.3218688964844,567.68505859375,85.88992309570312,87.98136901855469
2025-03-10,226.4928436279297,266.0400085449219,167.2318572998047,198.18475341796875,377.2717590332031,552.5643920898438,86.78590393066406,87.13410949707031
2025-03-11,219.88165283203125,269.1600036621094,165.4081573486328,198.1649932861328,377.5595703125,547.9710083007812,86.16633605957031,86.1155014038086
2025-03-12,216.03842163085938,270.3299865722656,168.41775512695312,198.510498046875,380.3581237792969,550.8787841796875,85.65161895751953,85.84894561767578
2025-03-13,208.77008056640625,275.1300048828125,164.16246032714844,195.54913330078125,375.8923034667969,543.535400390625,86.4046401977539,84.15443420410156
2025-03-14,212.5635528564453,275.239990234375,167.04251098632812,200.2774658203125,385.6079406738281,554.7623901367188,85.94710540771484,85.83943176269531
2025-03-17,213.07135009765625,276.7300109863281,165.9961395263672,202.80447387695312,385.7468566894531,559.0404052734375,86.37604522705078,87.30545806884766
2025-03-18,211.7670440673828,279.9599914550781,162.10955810546875,201.04347229003906,380.60626220703125,552.9981079101562,86.46183776855469,86.84852600097656
2025-03-19,214.3059539794922,281.1099853515625,165.70713806152344,204.16976928710938,384.8735656738281,559.0206909179688,86.90982055664062,86.95323181152344
2025-03-20,213.17092895507812,280.75,164.4813690185547,202.87371826171875,383.9010314941406,557.4041137695312,86.96698760986328,86.89611053466797
2025-03-21,217.32281494140625,278.489990234375,165.67724609375,201.61727905273438,388.2874450683594,557.5880126953125,86.45228576660156,85.93461608886719
2025-03-24,219.77212524414062,277.25,169.34457397460938,206.63323974609375,390.0935974121094,567.5736083984375,85.56584167480469,87.25786590576172
2025-03-25,222.77903747558594,278.4700012207031,172.1947021484375,205.48558044433594,392.1578063964844,568.93798828125,85.55632019042969,86.27880096435547
2025-03-26,220.56866455078125,278.239990234375,166.5641632080078,203.39808654785156,387.0072326660156,562.1458740234375,84.99394226074219,86.61541748046875
2025-03-27,222.87863159179688,281.9700012207031,163.51470947265625,202.4285430908203,387.6125793457031,560.6528930664062,84.74613952636719,86.39421081542969
2025-03-28,216.9544219970703,284.05999755859375,155.52232360839844,198.31288146972656,375.9220886230469,549.3623657226562,85.91853332519531,86.27880096435547
2025-03-31,221.16607666015625,288.1400146484375,155.69174194335938,197.36312866210938,372.5379943847656,553.050048828125,86.76683044433594,87.07705688476562
2025-04-01,222.22146606445312,287.57000732421875,158.33262634277344,197.3828887939453,379.2863464355469,554.6121215820312,87.51871490478516,87.11552429199219
2025-04-02,222.91842651367188,288.1600036621094,158.3126983642578,200.49932861328125,379.2367248535156,558.1219482421875,87.46133422851562,87.64448547363281
2025-04-03,202.30824279785156,286.4200134277344,152.10415649414062,187.62803649902344,370.2752990722656,530.6172485351562,87.86308288574219,84.6534423828125
2025-04-04,187.56253051757812,279.7200012207031,147.23101806640625,179.2582244873047,357.10614013671875,499.5533447265625,88.8196792602539,80.97954559326172
2025-04-07,180.6725616455078,273.7099914550781,148.72584533691406,177.63572692871094,355.14117431640625,498.6635437011719,86.14122009277344,78.85407257080078
2025-04-08,171.67176818847656,275.20001220703125,146.07501220703125,172.95614624023438,351.8662414550781,490.8531188964844,84.51502227783203,76.73821258544922
2025-04-09,197.9871063232422,285.3800048828125,160.50511169433594,187.65771484375,387.52325439453125,542.4022216796875,85.012451171875,81.316162109375
2025-04-10,189.59365844726562,292.3500061035156,154.834716796875,179.77268981933594,378.4527282714844,518.6345825195312,82.66878509521484,79.45997619628906
2025-04-11,197.29013061523438,297.92999267578125,158.85081481933594,182.39443969726562,385.498779296875,527.8885498046875,83.11839294433594,80.43135833740234
2025-04-14,201.64117431640625,296.2300109863281,160.91371154785156,184.5413055419922,384.8636474609375,533.009765625,83.71147155761719,82.09517669677734
2025-04-15,201.26280212402344,297.7799987792969,158.13331604003906,184.76882934570312,382.7994384765625,531.5169677734375,84.00802612304688,82.3452377319336
2025-04-16,193.42697143554688,307.4700012207031,154.96426391601562,182.9979248046875,368.7867126464844,519.7023315429688,84.47674560546875,82.28752899169922
2025-04-17,196.1251983642578,306.1199951171875,152.8316650390625,184.4918212890625,364.9858093261719,520.44384765625,83.73060607910156,83.5185775756836
2025-04-21,192.32179260253906,315.5899963378906,149.3437042236328,180.79171752929688,356.3916015625,508.05584716796875,82.26702880859375,81.77780151367188
2025-04-22,198.8732452392578,311.1099853515625,153.36978149414062,185.47128295898438,364.0331115722656,521.2743530273438,82.72618865966797,83.36468505859375
2025-04-23,203.71214294433594,303.6499938964844,157.1766357421875,188.2216339111328,371.5456237792969,529.3517456054688,83.52971649169922,83.5185775756836
2025-04-24,207.4657745361328,308.07000732421875,160.91371154785156,191.9910125732422,384.3575134277344,540.4939575195312,84.40978240966797,83.82633972167969
2025-04-25,208.37181091308594,304.7300109863281,163.28549194335938,192.0503692626953,388.8729553222656,544.3992919921875,85.03157806396484,83.68207550048828
2025-04-28,209.2281036376953,309.07000732421875,161.8604278564453,192.86163330078125,388.188232421875,544.6068725585938,85.56724548339844,84.201416015625
2025-04-29,210.29345703125,306.05999755859375,161.5016632080078,193.99937438964844,391.0462951660156,548.0375366210938,86.28473663330078,84.6534423828125
2025-04-30,211.57785034179688,303.7699890136719,160.335693359375,192.78250122070312,392.2570495605469,548.2550048828125,85.58641052246094,84.95158386230469
2025-05-01,212.39430236816406,297.4599914550781,162.22914123535156,193.97958374023438,422.16802978515625,552.1405029296875,85.15243530273438,85.2304916381836
2025-05-02,204.45889282226562,297.9800109863281,165.23873901367188,198.3425750732422,431.9729919433594,560.3364868164062,84.23072814941406,86.27880096435547
2025-05-05,198.0269012451172,306.8800048828125,165.47792053222656,196.81898498535156,432.856201171875,557.1234130859375,83.76025390625,86.08645629882812
2025-05-06,197.6485595703125,315.4800109863281,164.63084411621094,194.67213439941406,430.0179443359375,552.466796875,84.0386962890625,85.42284393310547
2025-05-07,195.3983612060547,310.75,152.27357482910156,195.31520080566406,430.0576477050781,554.7901611328125,84.39393615722656,85.5190200805664
2025-05-08,196.63299560546875,304.6300048828125,155.2134246826172,199.0351104736328,434.8410339355469,558.6558227539062,83.45303344726562,85.18240356445312
2025-05-09,197.66847229003906,306.8399963378906,153.84812927246094,198.66905212402344,435.3967590332031,557.9440307617188,83.57785034179688,85.74983978271484
2025-05-12,210.15049743652344,298.19000244140625,159.03021240234375,205.65377807617188,445.8467712402344,576.3826293945312,82.8001480102539,86.17300415039062
2025-05-13,212.28399658203125,299.4599914550781,160.335693359375,206.4056854248047,445.72772216796875,580.18896484375,82.46411895751953,85.07661437988281
2025-05-14,211.68582153320312,293.1600036621094,166.2353057861328,204.57540893554688,449.4988098144531,580.930419921875,81.91685485839844,84.23988342285156
2025-05-15,210.80850219726562,297.8399963378906,164.8301544189453,205.91102600097656,450.5129089355469,583.7679443359375,82.63693237304688,85.77869415283203
2025-05-16,210.6190643310547,294.239990234375,166.85316467285156,207.61268615722656,451.6463623046875,587.465576171875,82.8577651977539,86.84624481201172
2025-05-19,208.14659118652344,298.0299987792969,167.29164123535156,206.7420654296875,456.2197570800781,588.108154296875,82.61773681640625,86.86547088623047
2025-05-20,206.232421875,303.5799865722656,164.75045776367188,206.85089111328125,455.5238342285156,586.1307983398438,82.02245330810547,86.35575103759766
2025-05-21,201.4768829345703,305.82000732421875,169.47412109375,201.04347229003906,449.9561462402344,576.2540893554688,80.62069702148438,84.05715942382812
2025-05-22,200.74908447265625,303.1099853515625,171.3874969482422,201.0335693359375,452.2329406738281,576.4815063476562,81.04315948486328,83.67245483398438
2025-05-23,194.67759704589844,309.75,169.00572204589844,200.40040588378906,447.5799560546875,572.5465698242188,81.17755889892578,83.7590103149414
2025-05-27,199.60260009765625,304.5,173.38059997558594,205.48558044433594,458.02923583984375,584.4501342773438,82.31050109863281,85.22087860107422
2025-05-28,199.81195068359375,303.80999755859375,172.78268432617188,203.3189239501953,454.7184753417969,581.06884765625,81.95524597167969,85.13432312011719
2025-05-29,199.3433837890625,305.6099853515625,172.3641357421875,203.92242431640625,456.0308837890625,583.3626098632812,82.7137451171875,85.90371704101562
2025-05-30,200.24066162109375,303.6000061035156,172.25450134277344,202.88365173339844,457.7011413574219,582.7100830078125,82.83855438232422,85.90371704101562
2025-06-02,201.08807373046875,311.6700134277344,169.7830352783203,203.51681518554688,459.3018798828125,585.9924926757812,82.06761932373047,86.01912689208984
2025-06-03,202.65330505371094,308.9100036621094,167.13221740722656,206.80140686035156,460.29608154296875,589.3341064453125,81.92305755615234,85.84601593017578
2025-06-04,202.20468139648438,310.8999938964844,168.80641174316406,206.2177276611328,461.19085693359375,589.1759643554688,83.25296020507812,86.08645629882812
2025-06-05,200.02133178710938,309.3299865722656,169.2249755859375,206.30673217773438,464.9788513183594,586.3285522460938,83.3107681274414,86.01912689208984
2025-06-06,203.30133056640625,305.17999267578125,174.31736755371094,209.6407928466797,467.66326904296875,592.3494873046875,82.2507095336914,86.43269348144531
2025-06-09,200.83883666992188,306.6199951171875,177.23081970214844,211.0852508544922,470.0196228027344,592.8834228515625,82.3374252319336,86.548095703125
2025-06-10,202.05511474609375,306.7099914550781,179.60543823242188,212.22299194335938,468.2001953125,596.2449340820312,82.76145935058594,87.28864288330078
2025-06-11,198.1769256591797,308.3699951171875,178.38819885253906,211.35238647460938,469.8903503417969,594.54443359375,83.01200866699219,86.81737518310547
2025-06-12,198.5956573486328,312.20001220703125,176.57229614257812,210.5114288330078,476.1042785644531,596.9072875976562,84.00463104248047,87.24054718017578
2025-06-13,195.85400390625,316.2900085449219,175.48475646972656,206.66290283203125,472.2168273925781,590.2338256835938,83.19512176513672,86.39421081542969
2025-06-16,197.81802368164062,311.7799987792969,177.5401153564453,209.09945678710938,476.3727111816406,595.8494262695312,82.35671997070312,86.46154022216797
2025-06-17,195.04644775390625,311.94000244140625,176.8317108154297,206.89703369140625,475.279052734375,590.7578735351562,83.35894775390625,86.15377807617188
2025-06-18,195.9835968017578,310.260009765625,173.58900451660156,207.98831176757812,477.4663391113281,590.6688232421875,83.50349426269531,86.45191192626953
2025-06-20,200.3901824951172,310.1300048828125,167.35305786132812,207.5518035888672,474.6427307128906,589.2816162109375,83.34929656982422,86.39421081542969
2025-06-23,200.88868713378906,311.0799865722656,165.6369171142578,210.09152221679688,483.1930847167969,595.1022338867188,83.619140625,87.69258117675781
2025-06-24,199.69232177734375,306.19000244140625,167.363037109375,212.77011108398438,487.279296875,601.6764526367188,84.22626495361328,87.92339324951172
2025-06-25,200.94850158691406,307.1199951171875,171.10459899902344,210.28993225097656,489.4268798828125,602.0136108398438,84.332275390625,85.80754852294922
2025-06-26,200.3901824951172,306.7799987792969,174.0380096435547,213.70266723632812,494.57696533203125,606.7236938476562,84.75628662109375,85.7279052734375
2025-06-27,200.46995544433594,301.2200012207031,177.86936950683594,213.77210998535156,493.07568359375,609.7380981445312,84.21662139892578,85.94157409667969
2025-06-30,204.54754638671875,304.8299865722656,176.99134826660156,214.07965087890625,494.5372009277344,612.6533813476562,85.04540252685547,86.49516296386719
2025-07-01,207.18951416015625,307.54998779296875,176.51243591308594,216.28204345703125,489.2081298828125,612.455078125,85.25626373291016,87.12643432617188
2025-07-02,211.7954864501953,309.25,179.35601806640625,219.2781219482422,488.2536926269531,615.2315063476562,84.71460723876953,87.33039093017578
2025-07-03,212.90213012695312,307.1400146484375,180.1442413330078,221.31187438964844,495.95892333984375,620.0803833007812,84.12455749511719,87.42750549316406
2025-07-07,209.3130340576172,307.3699951171875,177.1609649658203,217.98841857910156,494.84539794921875,615.4595947265625,83.32169342041016,86.6796875
2025-07-08,209.37286376953125,304.1600036621094,174.766357421875,219.49639892578125,493.751708984375,615.1224365234375,83.21530151367188,86.55343627929688
2025-07-09,210.4994354248047,305.5199890136719,177.26075744628906,221.87734985351562,500.6019592285156,618.8110961914062,84.08586120605469,86.62141418457031
2025-07-10,211.7655792236328,306.20001220703125,178.29840087890625,223.0182342529297,498.58367919921875,620.5563354492188,84.14388275146484,87.165283203125
2025-07-11,210.5193634033203,309.1400146484375,180.90252685546875,219.9427947998047,500.4130554199219,618.3748168945312,82.98314666748047,87.17499542236328
2025-07-14,207.98707580566406,308.010009765625,182.39915466308594,221.42100524902344,500.1147766113281,619.5547485351562,82.80904388427734,87.73828887939453
2025-07-15,208.47560119628906,306.7300109863281,182.6885223388672,217.0856475830078,502.89862060546875,616.9072875976562,82.22867584228516,86.44659423828125
2025-07-16,209.5224151611328,308.260009765625,183.3570098876953,219.26820373535156,502.69976806640625,618.9697265625,82.3447494506836,87.26240539550781
2025-07-17,209.38282775878906,307.5899963378906,184.284912109375,222.1452178955078,508.7446594238281,622.757568359375,82.32540893554688,87.165283203125
2025-07-18,210.539306640625,308.3900146484375,185.5221405029297,220.5678253173828,507.10418701171875,622.301513671875,82.45115661621094,87.34982299804688
2025-07-21,211.83535766601562,313.1300048828125,190.7204132080078,219.67494201660156,507.1141052246094,623.4815063476562,83.186279296875,87.70915985107422
2025-07-22,213.74954223632812,316.1000061035156,191.67825317382812,221.5003662109375,502.3517761230469,623.5707397460938,83.68925476074219,89.21451568603516
2025-07-23,213.50030517578125,312.17999267578125,191.07960510253906,224.8833465576172,502.94830322265625,628.8757934570312,83.22498321533203,89.38933563232422
2025-07-24,213.11146545410156,310.2699890136719,192.76580810546875,221.7781524658203,507.92938232421875,629.083984375,83.07988739013672,89.07854461669922
2025-07-25,213.2311248779297,307.3999938964844,193.6438446044922,222.60157775878906,510.7430725097656,631.7413940429688,83.60221862792969,89.08826446533203
2025-07-28,213.40061950683594,305.4100036621094,192.98532104492188,222.34364318847656,509.5400085449219,631.582763671875,83.060546875,87.66059875488281
2025-07-29,210.62904357910156,306.25,195.98854064941406,220.9249725341797,509.609619140625,629.9169311523438,84.46310424804688,89.06884002685547
2025-07-30,208.415771484375,300.9599914550781,196.9962921142578,219.80392456054688,510.2757263183594,629.1236572265625,84.0278091430664,87.80628204345703
2025-07-31,206.94027709960938,302.9599914550781,192.42657470703125,217.651123046875,530.418701171875,626.763671875,84.07618713378906,86.5728530883789
2025-08-01,201.76602172851562,309.1099853515625,189.5231170654297,213.216552734375,521.0829467773438,616.4907836914062,85.27145385742188,86.35919189453125
2025-08-04,202.7330780029297,310.9100036621094,195.3101043701172,217.98841857910156,532.5464477539062,625.8612670898438,85.5044937133789,87.24298095703125
2025-08-05,202.3043670654297,311.1600036621094,194.8810577392578,219.0995635986328,524.7019653320312,622.688232421875,85.76665496826172,87.64117431640625
2025-08-06,212.60304260253906,310.5,196.4774627685547,218.81182861328125,521.908203125,627.457763671875,85.27145385742188,86.96133422851562
2025-08-07,219.36245727539062,313.1199951171875,196.83663940429688,218.09756469726562,517.8319091796875,626.9321899414062,85.12580871582031,87.21385192871094
2025-08-08,228.65419006347656,313.04998779296875,201.63583374023438,218.57376098632812,519.02490234375,631.82080078125,84.75684356689453,86.49516296386719
2025-08-11,226.747802734375,308.54998779296875,201.1768798828125,218.52415466308594,518.7564697265625,630.5713500976562,84.85393524169922,85.92214965820312
2025-08-12,229.21310424804688,308.2699890136719,203.70118713378906,225.01229858398438,526.183349609375,637.2844848632812,84.42670440673828,86.40775299072266
2025-08-13,232.88612365722656,309.2099914550781,202.57371520996094,229.38734436035156,517.5734252929688,639.4659423828125,85.12580871582031,87.21385192871094
2025-08-14,232.337158203125,307.25,203.36196899414062,226.4309844970703,519.46240234375,639.5254516601562,84.49466705322266,86.59227752685547
2025-08-15,231.1494140625,307.42999267578125,204.44949340820312,225.32977294921875,517.1657104492188,638.0281372070312,83.89266967773438,87.08758544921875
2025-08-18,230.4507598876953,306.95001220703125,203.8308868408203,226.1531982421875,514.1134033203125,637.8892822265625,83.64991760253906,86.34947967529297
2025-08-19,230.1213836669922,305.2699890136719,202.0349578857422,224.4170684814453,506.8258056640625,634.4286499023438,84.13540649414062,87.83541870117188
2025-08-20,225.5800323486328,308.3599853515625,199.7401123046875,223.62339782714844,502.7992248535156,632.742919921875,84.31989288330078,88.08792114257812
2025-08-21,224.47215270996094,307.2900085449219,200.16912841796875,224.17898559570312,502.15185546875,630.2044677734375,83.90238189697266,87.8257064819336
2025-08-22,227.3267059326172,310.5799865722656,206.25543212890625,232.96873474121094,505.1295166015625,639.8823852539062,84.52381134033203,89.52530670166016
2025-08-25,226.72784423828125,309.8299865722656,208.68994140625,230.51832580566406,502.17181396484375,637.0662231445312,84.28105926513672,89.01056671142578
2025-08-26,228.87376403808594,312.0799865722656,207.482666015625,232.42311096191406,499.96099853515625,639.733642578125,84.23250579833984,88.77748107910156
2025-08-27,230.05152893066406,312.7099914550781,207.74208068847656,234.0699462890625,504.64154052734375,641.1912841796875,84.13540649414062,89.33106994628906
2025-08-28,232.11758422851562,315.0299987792969,211.89271545410156,234.3477325439453,507.529541015625,643.4619750976562,84.68887329101562,89.09797668457031
2025-08-29,231.69837951660156,318.07000732421875,213.0501251220703,233.30604553222656,504.59173583984375,639.6245727539062,84.08686065673828,89.58357238769531
2025-09-02,229.28298950195312,325.5899963378906,211.5135955810547,232.04612731933594,503.0282287597656,634.884765625,83.46112060546875,88.0976333618164
2025-09-03,238.01634216308594,328.1400146484375,230.58065795898438,231.81793212890625,503.2572937011719,638.3256225585938,84.37731170654297,88.14620208740234
2025-09-04,239.32383728027344,326.69000244140625,232.1371307373047,234.71478271484375,505.866455078125,643.6602783203125,85.0206069946289,88.8066177368164
2025-09-05,239.2340087890625,331.04998779296875,234.64149475097656,235.88543701171875,492.9501647949219,641.796142578125,86.31690216064453,89.80695343017578
2025-09-08,237.42745971679688,334.82000732421875,233.84259033203125,236.3616180419922,496.13690185546875,643.3727416992188,87.46701049804688,89.28250122070312
2025-09-09,233.9041748046875,334.05999755859375,239.61474609375,234.9727325439453,496.34600830078125,644.8601684570312,86.96994018554688,89.07854461669922
2025-09-10,226.35855102539062,335.260009765625,239.23526000976562,234.55606079101562,498.29791259765625,646.724365234375,87.46701049804688,88.93286895751953
2025-09-11,229.59239196777344,334.760009765625,240.45359802246094,238.8914337158203,498.9352722167969,652.0988159179688,88.05181884765625,90.55477142333984
2025-09-12,233.6247100830078,335.4200134277344,241.0528106689453,236.450927734375,507.7884521484375,651.8805541992188,87.67169952392578,90.13715362548828
2025-09-15,236.24969482421875,338.9100036621094,251.41871643066406,237.45291137695312,513.225830078125,655.3511352539062,87.87638854980469,89.9914779663086
2025-09-16,237.6969451904297,339.5899963378906,251.07919311523438,237.06192016601562,506.9320068359375,654.4487915039062,88.06156921386719,89.51558685302734
2025-09-17,238.5353546142578,336.9700012207031,249.51132202148438,237.66880798339844,507.9079284667969,653.6357421875,87.83739471435547,89.39905548095703
2025-09-18,237.42745971679688,335.6199951171875,251.9879608154297,243.58837890625,506.3444519042969,656.6898803710938,86.93095397949219,89.59329223632812
2025-09-19,245.032958984375,339.17999267578125,254.89401245117188,241.73789978027344,515.7852172851562,659.9423217773438,86.7652587890625,89.01056671142578
2025-09-22,255.5928192138672,345.04998779296875,252.53721618652344,243.14068603515625,512.3196411132812,663.0645751953125,86.45335388183594,89.02999114990234
2025-09-23,253.9459686279297,346.4599914550781,251.9979248046875,242.59349060058594,507.1212463378906,659.4551391601562,87.05766296386719,89.51558685302734
2025-09-24,251.8300018310547,343.32000732421875,247.49404907226562,240.36495971679688,508.0373840332031,657.3569946289062,86.72628021240234,88.63512420654297
2025-09-25,256.3813171386719,344.75,246.2357635498047,238.06675720214844,504.9303283691406,654.3242797851562,86.72628021240234,88.37039947509766
2025-09-26,254.97401428222656,346.739990234375,246.8449249267578,240.1062774658203,509.3419494628906,658.072998046875,86.6482925415039,89.2430191040039
2025-09-29,253.9459686279297,352.4599914550781,244.02874755859375,240.3848419189453,512.4689331054688,659.9224243164062,87.35980224609375,89.2724380493164
2025-09-30,254.14559936523438,355.4700012207031,243.21986389160156,240.72311401367188,515.8051147460938,662.4082641601562,87.10639953613281,89.63520812988281
2025-10-01,254.9640350341797,356.0299987792969,245.2071533203125,241.25039672851562,517.5578002929688,664.6654052734375,87.33135986328125,89.77247619628906
2025-10-02,256.6408386230469,354.7900085449219,246.095947265625,242.7725830078125,513.6041870117188,665.4309692382812,87.58564758300781,89.3018569946289
2025-10-03,257.5291442871094,357.6400146484375,246.1159210205078,244.57333374023438,515.20751953125,665.421142578125,87.41937255859375,89.63520812988281
2025-10-06,256.20166015625,364.3800048828125,251.1690673828125,245.54830932617188,526.3811645507812,667.8074951171875,86.72494506835938,88.79199981689453
2025-10-07,255.99209594726562,366.260009765625,246.79501342773438,242.911865234375,521.8101196289062,665.3316040039062,87.22377014160156,88.46845245361328
2025-10-08,257.569091796875,372.29998779296875,245.1272735595703,245.4587860107422,522.676513671875,669.2990112304688,87.29222106933594,88.00762176513672
2025-10-09,253.55670166015625,365.42999267578125,241.88168334960938,243.8769073486328,520.2366943359375,667.3600463867188,87.22377014160156,87.52718353271484
2025-10-10,244.80340576171875,369.1199951171875,237.16807556152344,236.57443237304688,508.84405517578125,649.32275390625,88.6321792602539,86.40943908691406
2025-10-13,247.18885803222656,378.0899963378906,244.30836486816406,243.1605987548828,511.9212646484375,659.2860107421875,88.5832748413086,86.95851135253906
2025-10-14,247.29864501953125,380.7900085449219,245.8562774658203,246.6327362060547,511.4432067871094,658.4805908203125,88.8669204711914,87.85073852539062
2025-10-15,248.86566162109375,387.3900146484375,251.36878967285156,249.05032348632812,511.3038330078125,661.4039306640625,88.67131042480469,89.1253662109375
2025-10-16,246.97926330566406,396.45001220703125,251.53857421875,243.8072509765625,509.4913330078125,656.8995971679688,89.33637237548828,88.81161499023438
2025-10-17,251.81002807617188,388.989990234375,253.4459686279297,242.16571044921875,511.4532165527344,660.62841796875,89.19945526123047,89.39009094238281
2025-10-20,261.7411193847656,403.1499938964844,256.6716003417969,246.89141845703125,514.6498413085938,667.499267578125,89.54178619384766,90.29212951660156
2025-10-21,262.27008056640625,377.239990234375,250.99929809570312,245.7274169921875,515.5162963867188,667.4893188476562,89.98190307617188,90.0372085571289
2025-10-22,257.9583435058594,377.2799987792969,252.18768310546875,242.09605407714844,518.3843383789062,664.0191040039062,90.04058837890625,90.41959381103516
2025-10-23,259.0861511230469,378.7900085449219,253.38604736328125,245.16030883789062,518.404296875,667.9566650390625,89.42440795898438,90.36077117919922
2025-10-24,262.3200378417969,377.5199890136719,260.1568603515625,248.15492248535156,521.441650390625,673.4155883789062,89.46353149414062,90.62549591064453
2025-10-27,268.2986145019531,367.010009765625,269.5640869140625,249.02047729492188,529.3189697265625,681.3603515625,89.7667236328125,90.88042449951172
2025-10-28,268.4882507324219,364.3800048828125,268.0661315917969,247.6873321533203,539.8251953125,683.1700439453125,90.00145721435547,89.09595489501953
2025-10-29,269.1869201660156,363.0,274.7969970703125,245.57815551757812,539.3073120117188,683.4982299804688,89.09185791015625,86.8016357421875
2025-10-30,270.8836669921875,370.1300048828125,281.5178527832031,243.5983428955078,523.582763671875,675.9810180664062,88.573486328125,87.21342468261719
2025-10-31,269.85565185546875,368.1199951171875,281.43798828125,244.97128295898438,515.6656494140625,678.1983032226562,88.30941772460938,87.43894958496094
2025-11-03,268.53814697265625,368.7799987792969,283.73486328125,244.18531799316406,514.888916015625,679.4711303710938,88.08855438232422,87.31148529052734
2025-11-04,269.5262756347656,362.32000732421875,277.6830749511719,239.9669952392578,512.2001342773438,671.4169921875,88.28488159179688,87.45854949951172
2025-11-05,269.6260986328125,366.510009765625,284.364013671875,243.42918395996094,505.0597839355469,673.7437133789062,87.32290649414062,87.53699493408203
2025-11-06,269.25677490234375,366.07000732421875,284.9532165527344,239.12135314941406,495.04144287109375,666.514892578125,88.10819244384766,87.11538696289062
2025-11-07,267.9592590332031,368.30999755859375,279.32086181640625,240.37490844726562,494.7626037597656,667.1710815429688,87.92167663574219,88.46845245361328
2025-11-10,269.1781311035156,378.3800048828125,290.1960754394531,242.78253173828125,503.90460205078125,677.5818481445312,87.90205383300781,88.41941833496094
2025-11-11,274.99267578125,379.8699951171875,291.3445129394531,242.99147033691406,506.573486328125,679.1329956054688,88.30451202392578,89.40970611572266
2025-11-12,273.21435546875,385.989990234375,287.0403747558594,242.39451599121094,509.0233154296875,679.5109252929688,88.46156311035156,88.74298095703125
2025-11-13,272.6948547363281,382.8699951171875,278.74163818359375,235.5795440673828,501.205810546875,668.235107421875,87.73517608642578,87.65465545654297
2025-11-14,272.15533447265625,375.9599914550781,276.60455322265625,236.26602172851562,508.0672912597656,668.1256713867188,87.23457336425781,87.84093475341797
2025-11-17,267.2099609375,371.6499938964844,285.2128601074219,231.57012939453125,505.388427734375,661.901123046875,87.45050811767578,87.11538696289062
2025-11-18,267.19000244140625,374.3500061035156,284.57373046875,232.27651977539062,491.74517822265625,656.3427734375,87.42106628417969,87.4683609008789
2025-11-19,268.3089294433594,374.9599914550781,292.59283447265625,232.23670959472656,485.102783203125,658.8783569335938,87.24437713623047,86.78202056884766
2025-11-20,266.0010986328125,374.8500061035156,289.5869445800781,227.9387969970703,477.3404846191406,648.8355712890625,87.58794403076172,86.41924285888672
2025-11-21,271.2361755371094,374.2699890136719,299.2438049316406,234.3956298828125,471.04486083984375,655.2987670898438,87.85298156738281,87.82132720947266
2025-11-24,275.6620788574219,380.20001220703125,318.0382995605469,238.6736297607422,472.92059326171875,664.9437866210938,88.35359191894531,88.056640625
2025-11-25,276.7110900878906,380.0799865722656,323.2012939453125,243.8769073486328,475.90374755859375,671.1982421875,88.57935333251953,88.87044525146484
2025-11-26,277.29052734375,383.1199951171875,319.8458251953125,246.03582763671875,484.3943786621094,675.8318481445312,88.97199249267578,89.26263427734375
2025-11-28,278.5893249511719,387.8800048828125,319.6860656738281,247.4783935546875,490.88958740234375,679.5208129882812,88.5499038696289,89.55677032470703
2025-12-01,282.8353576660156,389.75,314.69281005859375,244.36439514160156,485.6315612792969,676.41845703125,87.44757843017578,88.52727508544922
2025-12-02,285.9224548339844,387.239990234375,315.59161376953125,243.9167022705078,488.8841552734375,677.67138671875,87.48697662353516,88.21351623535156
2025-12-03,283.8843688964844,386.8800048828125,320.1853942871094,248.35389709472656,476.64208984375,680.0180053710938,87.7332534790039,88.43903350830078
2025-12-04,280.4375915527344,387.1300048828125,317.95843505859375,250.53271484375,479.7449951171875,680.51513671875,87.2603988647461,88.22332763671875
2025-12-05,278.5193786621094,386.44000244140625,321.65338134765625,249.4880828857422,482.0597229003906,681.8078002929688,86.85650634765625,88.12527465820312
2025-12-08,277.6302185058594,385.4200134277344,314.2286376953125,249.5875701904297,489.9018249511719,679.7594604492188,86.57083129882812,87.4487533569336
2025-12-09,276.9208679199219,387.3999938964844,317.52630615234375,250.1049041748047,490.8995361328125,679.1727905273438,86.65949249267578,87.11538696289062
2025-12-10,278.5193786621094,389.04998779296875,320.7740173339844,253.50743103027344,477.4701843261719,683.6771850585938,86.99443054199219,87.42913818359375
2025-12-11,277.77008056640625,393.239990234375,313.4791564941406,256.48211669921875,482.3690185546875,685.26806640625,86.876220703125,87.8115234375
2025-12-12,278.0198669433594,395.44000244140625,310.3013916015625,252.55233764648438,477.4402770996094,677.9000854492188,86.03887176513672,87.70366668701172
2025-12-15,273.8537292480469,395.79998779296875,309.10223388671875,250.6421356201172,473.73870849609375,676.8758544921875,86.09798431396484,87.97821044921875
2025-12-16,274.353271484375,395.8900146484375,307.51336669921875,249.4562530517578,475.3051452636719,675.0264282226562,86.57083129882812,87.33109283447266
2025-12-17,271.58587646484375,399.2900085449219,297.85015869140625,246.8009796142578,475.0357360839844,667.5986938476562,86.49202728271484,87.65465545654297
2025-12-18,271.935546875,398.57000732421875,303.5361633300781,248.26837158203125,482.87786865234375,672.6399536132812,86.90577697753906,87.1938247680664
2025-12-19,273.4141845703125,399.0199890136719,308.3927307128906,250.34466552734375,484.8134460449219,678.7363891601562,86.58140563964844,86.86046600341797
2025-12-22,270.7166748046875,408.2300109863281,311.1108093261719,253.12973022460938,483.81573486328125,682.96484375,86.39350128173828,87.30669403076172
2025-12-23,272.1053771972656,413.6400146484375,315.457763671875,251.63238525390625,485.7413330078125,686.0863037109375,86.53194427490234,87.24732971191406
2025-12-24,273.55401611328125,411.92999267578125,315.4477844238281,252.2612762451172,486.90863037109375,688.4996948242188,87.05608367919922,87.82119750976562
2025-12-26,273.1444091796875,416.739990234375,314.7382507324219,250.9735565185547,486.599365234375,688.4298706054688,86.76929473876953,87.92013549804688
2025-12-29,273.50408935546875,398.6000061035156,314.168701171875,249.43629455566406,485.9907531738281,685.9765625,87.09564208984375,88.09823608398438
2025-12-30,272.82470703125,398.8900146484375,314.32855224609375,247.58956909179688,486.3699035644531,685.138916015625,86.88796997070312,88.27632904052734
2025-12-31,271.6058349609375,396.30999755859375,313.5790710449219,245.722900390625,482.5186767578125,680.062744140625,86.19571685791016,87.55404663085938
2026-01-02,270.75665283203125,398.2799987792969,315.0980224609375,248.33824157714844,471.8630065917969,681.309326171875,86.06715393066406,87.58373260498047
2026-01-05,267.0101623535156,408.760009765625,317.09661865234375,252.28123474121094,471.773193359375,685.846923828125,86.49239349365234,87.7816162109375
2026-01-06,262.1147155761719,413.17999267578125,314.32855224609375,255.62527465820312,477.4203186035156,689.92578125,86.31438446044922,88.42474365234375
2026-01-07,260.08660888671875,409.2300109863281,322.2030029296875,255.02635192871094,482.3690185546875,687.701904296875,86.81874084472656,87.5639419555664
2026-01-08,258.7978515625,411.489990234375,325.7804870605469,257.8113708496094,477.0212097167969,687.632080078125,86.38361358642578,88.34558868408203
2026-01-09,259.1275329589844,414.4700012207031,328.9082946777344,259.7679138183594,478.1885681152344,692.1796264648438,86.95719909667969,88.52368927001953
2026-01-12,260.0067138671875,422.2300109863281,332.4957580566406,261.03564453125,476.09332275390625,693.2666625976562,86.70006561279297,88.64241027832031
2026-01-13,260.8059387207031,421.6300048828125,336.1931457519531,260.88592529296875,469.5981750488281,691.8804931640625,86.8484115600586,89.13712310791016
2026-01-14,259.71697998046875,425.94000244140625,336.0732421875,262.72265625,458.3338928222656,688.479736328125,87.35277557373047,89.90888214111328
2026-01-15,257.9685974121094,423.3299865722656,332.92547607421875,265.0385437011719,455.6200866699219,690.3546142578125,87.33299255371094,90.53221130371094
2026-01-16,255.29112243652344,421.2900085449219,330.1074523925781,265.2881164550781,458.8127746582031,689.7761840820312,86.8286361694336,91.64037322998047
2026-01-20,246.46937561035156,437.2300109863281,321.9331970214844,262.1137390136719,453.48492431640625,675.7345581054688,85.69136047363281,89.93856048583984
2026-01-21,247.41848754882812,443.6000061035156,328.1488342285156,267.3144836425781,443.0986328125,683.5332641601562,86.34405517578125,90.29475402832031
2026-01-22,248.1178436279297,451.7900085449219,330.6070861816406,269.3109436035156,450.1126403808594,687.103515625,86.7198486328125,89.4042739868164
2026-01-23,247.80812072753906,458.0,328.19879150390625,264.33978271484375,464.888916015625,687.352783203125,86.95719909667969,89.58236694335938
2026-01-26,255.17123413085938,464.70001220703125,333.35516357421875,263.5112609863281,469.20904541015625,690.84326171875,87.37254333496094,89.46363830566406
2026-01-27,258.0285339355469,476.1000061035156,334.76416015625,264.25994873046875,479.485595703125,693.5957641601562,86.8286361694336,89.43395233154297
2026-01-28,256.2002868652344,494.55999755859375,336.04327392578125,262.83245849609375,480.533203125,693.5259399414062,86.63084411621094,88.51378631591797
2026-01-29,258.0385437011719,495.8999938964844,338.4216003417969,262.90234375,432.5128173828125,692.1497192382812,86.65061950683594,89.75056457519531
2026-01-30,259.2374267578125,444.95001220703125,338.29168701171875,259.1889343261719,429.31011962890625,690.0853271484375,86.1660385131836,89.8396224975586
2026-02-02,269.7575988769531,427.1300048828125,344.6571960449219,261.7144470214844,422.4058837890625,693.5159912109375,85.91985321044922,88.90956115722656
2026-02-03,269.22808837890625,454.2900085449219,340.4601745605469,262.3133850097656,410.2735595703125,687.6520385742188,86.12832641601562,88.71167755126953
2026-02-04,276.23150634765625,453.9700012207031,333.1053161621094,260.0574035644531,413.2467956542969,684.3211059570312,85.90991973876953,89.98802947998047
2026-02-05,275.6520690917969,441.8800048828125,331.09674072265625,255.375732421875,392.7735290527344,675.7744750976562,86.84307861328125,89.85940551757812
2026-02-06,277.8599853515625,455.4599914550781,322.87255859375,264.5494079589844,400.22650146484375,688.739013671875,86.90264129638672,91.27428436279297
2026-02-09,274.6199951171875,467.0299987792969,324.171630859375,266.4060974121094,412.65814208984375,692.0599975585938,86.8827896118164,91.66015625
2026-02-10,273.67999267578125,462.3999938964844,318.40570068359375,265.6873779296875,412.328857421875,690.2349243164062,87.88543701171875,92.88703918457031
2026-02-11,275.5,467.6300048828125,311.1108093261719,264.47955322265625,403.4491271972656,690.075439453125,87.41885375976562,92.37254333496094
2026-02-12,261.7300109863281,451.3900146484375,309.1521911621094,259.07916259765625,400.9248962402344,679.41455078125,88.5803451538086,92.26370239257812
2026-02-13,255.77999877929688,462.6199951171875,305.8045654296875,262.4930725097656,400.4060974121094,679.8931884765625,89.0667724609375,93.58952331542969
2026-02-17,263.8800048828125,448.20001220703125,302.6068115234375,262.57293701171875,395.95623779296875,680.9901733398438,89.21568298339844,94.48001098632812
2026-02-18,264.3500061035156,458.2799987792969,303.7260437011719,263.521240234375,398.69000244140625,684.4208374023438,88.87815856933594,93.37185668945312
2026-02-19,260.5799865722656,459.55999755859375,303.3462829589844,264.1301574707031,398.4599914550781,682.61572265625,88.9675064086914,93.1739730834961
2026-02-20,264.5799865722656,468.6199951171875,314.6783142089844,264.14013671875,397.2300109863281,687.5523071289062,88.759033203125,93.87645721435547
2026-02-23,266.17999267578125,481.2799987792969,311.4705810546875,260.0274353027344,384.4700012207031,680.531494140625,89.08662414550781,93.88636016845703
2026-02-24,272.1400146484375,474.6099853515625,310.7011413574219,262.8623962402344,389.0,685.4779052734375,89.2454605102539,94.12381744384766
2026-02-25,274.2300109863281,473.4200134277344,312.80963134765625,264.11016845703125,400.6000061035156,691.26220703125,89.2553939819336,93.86656951904297
2026-02-26,272.95001220703125,477.4800109863281,306.93377685546875,265.5176696777344,401.7200012207031,687.422607421875,89.61276245117188,94.50968933105469
2026-02-27,264.17999267578125,483.75,311.21075439453125,260.9458312988281,392.739990234375,684.1216430664062,90.15876007080078,94.67790222167969
2026-03-02,264.7200012207031,490.0,306.1443176269531,263.341552734375,398.54998779296875,684.5106201171875,89.25337982177734,94.91535949707031
2026-03-03,263.75,468.1400146484375,303.3462829589844,258.7796630859375,403.92999267578125,678.4771118164062,89.0740966796875,94.41075134277344
2026-03-04,262.5199890136719,471.79998779296875,303.23638916015625,261.2951965332031,405.20001220703125,683.2639770507812,88.79521179199219,94.52947998046875
2026-03-05,260.2900085449219,466.1300048828125,300.6981506347656,256.3040771484375,410.67999267578125,679.4544067382812,88.4366455078125,93.57963562011719
2026-03-06,257.4599914550781,473.510009765625,298.0899963378906,250.4445037841797,408.9599914550781,670.5487060546875,88.10795593261719,92.56053161621094
2026-03-09,259.8800048828125,472.5299987792969,306.010009765625,253.16964721679688,409.4100036621094,676.4227294921875,88.87489318847656,92.768310546875
2026-03-10,260.8299865722656,477.8599853515625,306.92999267578125,252.9101104736328,405.760009765625,675.3356323242188,87.92867279052734,92.62979125976562
2026-03-11,260.80999755859375,476.239990234375,308.4200134277344,252.40103149414062,404.8800048828125,674.4879760742188,86.793212890625,91.67005157470703
2026-03-12,255.75999450683594,466.8800048828125,303.2099914550781,246.97068786621094,401.8599853515625,664.2459106445312,86.62388610839844,91.03681945800781
2026-03-13,250.1199951171875,460.8399963378906,301.4599914550781,246.15213012695312,395.54998779296875,660.4862060546875,86.19560241699219,91.18523406982422
2026-03-16,252.82000732421875,460.42999267578125,304.4200134277344,248.47799682617188,399.95001220703125,667.2078857421875,86.86293029785156,91.94709014892578
2026-03-17,254.22999572753906,459.2699890136719,309.4100036621094,250.0500030517578,399.4100036621094,668.9630126953125,87.10197448730469,92.35274505615234
2026-03-18,249.94000244140625,444.739990234375,306.29998779296875,246.02000427246094,391.7900085449219,659.6285400390625,86.61392211914062,90.98735046386719
2026-03-19,248.9600067138672,426.4100036621094,305.7300109863281,247.6300048828125,389.0199890136719,658.0029907226562,87.14181518554688,90.62125396728516
2026-03-20,247.99000549316406,413.3800048828125,298.7900085449219,242.22000122070312,381.8699951171875,648.5700073242188,85.4884262084961,87.8113021850586
2026-03-23,251.49000549316406,404.0400085449219,299.0199890136719,247.4499969482422,383.0,655.3800048828125,86.04619598388672,88.49400329589844
2026-03-24,251.63999938964844,404.1300048828125,289.20001220703125,248.77999877929688,372.739990234375,653.1799926757812,85.66770935058594,87.91000366210938
2026-03-25,252.6199951171875,416.2900085449219,289.5899963378906,251.82000732421875,371.0400085449219,656.8200073242188,86.49440002441406,87.83999633789062
2026-03-26,252.88999938964844,400.6400146484375,280.739990234375,247.44000244140625,365.9700012207031,645.0900268554688,85.7673110961914,87.72000122070312
2026-03-27,248.8000030517578,414.70001220703125,273.760009765625,243.10000610351562,356.7699890136719,634.0900268554688,85.29917907714844,87.0
2026-03-30,246.6300048828125,414.5799865722656,273.1400146484375,239.61000061035156,358.9599914550781,631.969970703125,86.43463897705078,87.33000183105469
2026-03-31,253.7899932861328,430.2900085449219,286.8599853515625,248.0,370.1700134277344,650.3400268554688,86.34500122070312,88.69999694824219
2026-04-01,255.6300048828125,437.82000732421875,294.8999938964844,249.55999755859375,369.3699951171875,655.239990234375,86.26000213623047,89.0199966430664
2026-04-02,255.9199981689453,429.4100036621094,294.4599914550781,251.2899932861328,373.4599914550781,655.8300170898438,86.79000091552734,90.2300033569336
